Model,CLUSTERS
6UCubeSat_Decision_Module_Decision_Module_2_Controller_Impl_1.aaxl2,AVIATION
6UCubeSat_Rate_Limited_PID_Controller_Rate_Limited_PID_Controller_Impl_1.aaxl2,AVIATION
6UCubeSat_RTA_Controller_RTA_Controller_Impl_1.aaxl2,AVIATION
6UCubeSat_Unverified_Controller_PID_controller_not_rate_limited_package_Impl_1.aaxl2,AVIATION
6UCubeSat_Verified_Controller_Rate_Limited_PID_Controller_Impl_1.aaxl2,AVIATION
890-isolette_KSU_Isolette_isolette_dual_sensor_1.aaxl2,SMART_BUILDING
890-isolette_KSU_Isolette_isolette_dual_sensor_10.aaxl2,SMART_BUILDING
890-isolette_KSU_Isolette_isolette_dual_sensor_11.aaxl2,SMART_BUILDING
890-isolette_KSU_Isolette_isolette_dual_sensor_2.aaxl2,SMART_BUILDING
890-isolette_KSU_Isolette_isolette_dual_sensor_3.aaxl2,SMART_BUILDING
890-isolette_KSU_Isolette_isolette_dual_sensor_4.aaxl2,SMART_BUILDING
890-isolette_KSU_Isolette_isolette_dual_sensor_5.aaxl2,SMART_BUILDING
890-isolette_KSU_Isolette_isolette_dual_sensor_6.aaxl2,SMART_BUILDING
890-isolette_KSU_Isolette_isolette_dual_sensor_7.aaxl2,SMART_BUILDING
890-isolette_KSU_Isolette_isolette_dual_sensor_8.aaxl2,SMART_BUILDING
890-isolette_KSU_Isolette_isolette_dual_sensor_9.aaxl2,SMART_BUILDING
890-isolette_KSU_Isolette_isolette_single_sensor_1.aaxl2,SMART_BUILDING
890-isolette_KSU_Isolette_isolette_single_sensor_2.aaxl2,SMART_BUILDING
890-isolette_KSU_Isolette_isolette_single_sensor_3.aaxl2,SMART_BUILDING
890-isolette_KSU_Isolette_isolette_single_sensor_4.aaxl2,SMART_BUILDING
890-isolette_KSU_Isolette_isolette_single_sensor_5.aaxl2,SMART_BUILDING
890-isolette_KSU_Isolette_operator_interface_impl_1.aaxl2,SMART_BUILDING
890-isolette_KSU_Isolette_operator_interface_impl_2.aaxl2,SMART_BUILDING
890-isolette_KSU_Isolette_thermostat_single_sensor_impl_1.aaxl2,SMART_BUILDING
890-isolette_KSU_Isolette_thermostat_single_sensor_impl_2.aaxl2,SMART_BUILDING
890-isolette_KSU_Isolette_thermostat_single_sensor_impl_3.aaxl2,SMART_BUILDING
890-isolette_KSU_Isolette_thermostat_single_sensor_impl_4.aaxl2,SMART_BUILDING
890-isolette_KSU_Isolette_thermostat_single_sensor_impl_5.aaxl2,SMART_BUILDING
890-isolette_KSU_Isolette_thermostat_single_sensor_impl_6.aaxl2,SMART_BUILDING
890-isolette_KSU_Isolette_thermostat_single_sensor_impl_7.aaxl2,SMART_BUILDING
890-isolette_KSU_Isolette_thermostat_single_sensor_impl_8.aaxl2,SMART_BUILDING
AADL_Architecture_MarsPathfinder_PT_system_simple_1.aaxl2,DRONES
AADL_FEES_Board_STM32_STM32L476_Discovery_impl_1.aaxl2,SMART_DEVICE
AADL_FEES_FEES_FEES_impl_1.aaxl2,AUTOMOTIVE
aadl_ils_project_ils_ils_impl_1.aaxl2,AVIATION
aadl_model_Bankomat_AtmSystem_with_devices_1.aaxl2,SMART_DEVICE
AADL_RASPBERRY_smacz_HumanActivityMonitoringSystem_impl_1.aaxl2,SMART_DEVICE
AADL-Architecture-of-Smart-Parking-_InformationServiceProvider_ISP_impl_1.aaxl2,SMART_BUILDING
AADL-Architecture-of-Smart-Parking-_RSE_RSEOwner_impl_1.aaxl2,SMART_BUILDING
AADL-Architecture-of-Smart-Parking-_SmartParkingSystem_tispSys_impl_1.aaxl2,SMART_BUILDING
aadl-book_use_myproperties_integration_with_units_1.aaxl2,SMART_DEVICE
aadl-book_use_myproperties_integration_without_units_1.aaxl2,SMART_DEVICE
aadl-bottle-filling_BottleFilling_BottleFillingSystem_impl_1.aaxl2,SMART_DEVICE
aadl-car-example_CarSystem_MyCar_impl_1.aaxl2,AUTOMOTIVE
aadl-car-example_HardwarePlatform_cc_mcu_dual_1.aaxl2,AUTOMOTIVE
aadl-car-example_HardwarePlatform_cc_mcu_impl_1.aaxl2,AUTOMOTIVE
aadl-car-example_HardwarePlatform_cc_mcu_single_1.aaxl2,AUTOMOTIVE
aadl-car-example_SoftwareApps_CruiseControl_impl_1.aaxl2,AUTOMOTIVE
AADL-Designer_CruiseControl_Cruisecontrol_Generic_1.aaxl2,AUTOMOTIVE
AADL-Designer_CruiseControl_Cruisecontrollaws_Model_1.aaxl2,AUTOMOTIVE
AADL-Designer_CruiseControl_Hci_Model_1.aaxl2,AUTOMOTIVE
AADL-Designer_demo_subsystem_subsystem_test_impl_1.aaxl2,AUTOMOTIVE
aadl-examples_FC_FlightController_Impl_1.aaxl2,AVIATION
aadl-examples_FC_FlightController_Impl_2.aaxl2,AVIATION
aadl-examples_GS_GroundStation_Impl_1.aaxl2,DRONES
aadl-examples_GS_GroundStation_Impl_2.aaxl2,DRONES
aadl-examples_Hardware_PCB_clock_1.aaxl2,DRONES
aadl-examples_Hardware_PCB_i_1.aaxl2,DRONES
aadl-examples_Hardware_PCB_mp_1.aaxl2,DRONES
aadl-examples_Hardware_PCB_power_1.aaxl2,DRONES
aadl-examples_Human_Machine_Interface_HMI_i_1.aaxl2,DRONES
aadl-examples_iPCA_Context_Open_PCA_Context_i_1.aaxl2,DRONES
aadl-examples_iPCA_Context_Other_Medical_Device_imp_1.aaxl2,DRONES
aadl-examples_iPCA_Control_Panel_Control_Panel_i_1.aaxl2,DRONES
aadl-examples_iPCA_Hardware_PCB_iPCA_i_1.aaxl2,DRONES
aadl-examples_iPCA_Operation_iPCA_Operation_i_1.aaxl2,DRONES
aadl-examples_iPCA_Peripherals_iPCA_Fluid_i_1.aaxl2,DRONES
aadl-examples_iPCA_Power_Power_i_1.aaxl2,DRONES
aadl-examples_MC_MissionComputer_Impl_1.aaxl2,DRONES
aadl-examples_MC_MissionComputer_Impl_2.aaxl2,DRONES
aadl-examples_MC_MissionComputer_Impl_3.aaxl2,DRONES
aadl-examples_Operation_Operation_i_1.aaxl2,DRONES
aadl-examples_Peripherals_Sensors_Actuators_i_1.aaxl2,DRONES
aadl-examples_Security_Security_System_cp_1.aaxl2,DRONES
aadl-examples_Security_Security_System_i_1.aaxl2,DRONES
aadl-examples_Separation_VP_sel4_1.aaxl2,DRONES
aadl-examples_Separation_VP_xen_1.aaxl2,DRONES
aadl-examples_SW_SW_Impl_1.aaxl2,DRONES
aadl-examples_UAS_UAS_Impl_1.aaxl2,DRONES
aadl-examples_UAV_UAV_Impl_1.aaxl2,DRONES
aadl-gumbo_TempControlSoftwareSystem_TempControlSoftwareSystem_i_1.aaxl2,SMART_BUILDING
aadl-gumbo_TempControlSoftwareSystem_TempControlSoftwareSystem_isoControl_1.aaxl2,SMART_BUILDING
aadl-m2dl-2019_gears_system_digital_part_dp1_1.aaxl2,AVIATION
aadl-map-apps_PCA_Shutoff_PCA_Shutoff_System_imp_1.aaxl2,SMART_DEVICE
aadl-map-apps_PulseOx_Forwarding_System_PulseOx_Forwarding_System_imp_1.aaxl2,SMART_DEVICE
AADL-MDSD_myModel_simpleSystem_impl_1.aaxl2,AUTOMOTIVE
AADL-MDSD_sr_system_srs_impl_1.aaxl2,AUTOMOTIVE
aadl-models_emtest_Dependable_System_Notional_1.aaxl2,AVIATION
aadl-models_emtest_Subsystem_Notional_1.aaxl2,AVIATION
aadl-models_peterexample_main_i_1.aaxl2,AVIATION
aadl-models_test_foo_bar_1.aaxl2,AVIATION
aadl-networking-refmodel_AFDX_PreSynthesis_AFDX_PreSynthesis_i_1.aaxl2,SMART_DEVICE
aadl-networking-refmodel_AFDX_PreSynthesis_HW_Platform_i_1.aaxl2,SMART_DEVICE
aadl-networking-refmodel_AFDX_PreSynthesis_Module_i_1.aaxl2,SMART_DEVICE
aadl-networking-refmodel_Basic_AFDX_Model_Basic_AFDX_Model_i_1.aaxl2,SMART_DEVICE
aadl-networking-refmodel_Basic_AFDX_Model_HW_Platform_i_1.aaxl2,SMART_DEVICE
aadl-networking-refmodel_Basic_AFDX_Model_Module_i_1.aaxl2,SMART_DEVICE
aadl-networking-refmodel_Software_Layer_Software_Layer_i_1.aaxl2,SMART_DEVICE
aadl-networking-refmodel_TTE_Model_HW_Platform_i_1.aaxl2,SMART_DEVICE
aadl-networking-refmodel_TTE_Model_Module_i_1.aaxl2,SMART_DEVICE
aadl-networking-refmodel_TTE_Model_TTE_Model_i_1.aaxl2,SMART_DEVICE
aadl-qa_accessconn_gpses_i_1.aaxl2,SMART_BUILDING
aadl-qa_accessconn_top_i_1.aaxl2,SMART_BUILDING
aadl-qa_bug155Logi_SysLog_Imp_1.aaxl2,AUTOMOTIVE
aadl-qa_bug155Plat_SysComp_Imp_1.aaxl2,AUTOMOTIVE
aadl-qa_bug155Plat_SysPlat_Imp_1.aaxl2,AUTOMOTIVE
aadl-qa_bug155PlatSys_Foo_Imp_1.aaxl2,AUTOMOTIVE
aadl-qa_CarSystem_carRT_impl_1.aaxl2,AUTOMOTIVE
aadl-qa_connectioninheritance_s_i_1.aaxl2,AUTOMOTIVE
aadl-qa_connectioninheritance_se_i_1.aaxl2,AUTOMOTIVE
aadl-qa_connectioninheritance_top_i_1.aaxl2,AUTOMOTIVE
aadl-qa_connectioninheritance_top_iext_1.aaxl2,AUTOMOTIVE
aadl-qa_connectiontiming_s_i_1.aaxl2,AUTOMOTIVE
aadl-qa_connname_pth_i_1.aaxl2,AUTOMOTIVE
aadl-qa_connname_src_i_1.aaxl2,AUTOMOTIVE
aadl-qa_connname_top_basic_1.aaxl2,AUTOMOTIVE
aadl-qa_emv2_issue8_bus_subsystem_i_1.aaxl2,SMART_BUILDING
aadl-qa_emv2_issue8_main_i_1.aaxl2,SMART_BUILDING
aadl-qa_etef_top_i_1.aaxl2,AUTOMOTIVE
aadl-qa_example_root2_impl_1.aaxl2,AUTOMOTIVE
aadl-qa_example2_root_impl_1.aaxl2,AUTOMOTIVE
aadl-qa_flowspeclat_src_i_1.aaxl2,SMART_BUILDING
aadl-qa_flowspeclat_top_basic_1.aaxl2,AUTOMOTIVE
aadl-qa_issue158_s_i_1.aaxl2,SMART_BUILDING
aadl-qa_issue164_s_i_1.aaxl2,SMART_BUILDING
aadl-qa_issue168_App1_impl_1.aaxl2,SMART_BUILDING
aadl-qa_issue168_App2_impl_1.aaxl2,SMART_BUILDING
aadl-qa_issue168_SWsystem_impl_1.aaxl2,SMART_BUILDING
aadl-qa_issue168_topSystem_impl_1.aaxl2,SMART_BUILDING
aadl-qa_issue171_s_i_1.aaxl2,SMART_BUILDING
aadl-qa_issue176_SysParent_Imp_1.aaxl2,SMART_BUILDING
aadl-qa_issue177_SysInverse2ofPFG_Imp_1.aaxl2,SMART_BUILDING
aadl-qa_issue182_test1_Test_impl_1.aaxl2,AUTOMOTIVE
aadl-qa_issue182_test1_Test_Subcompo_impl_1.aaxl2,AUTOMOTIVE
aadl-qa_issue182_test1_Test_Subcompo2_impl_1.aaxl2,AUTOMOTIVE
aadl-qa_issue182_test1_Test_Subcompo3_impl_1.aaxl2,AUTOMOTIVE
aadl-qa_issue182_test1_Test2_impl_1.aaxl2,AUTOMOTIVE
aadl-qa_issue182_test1_Test3_impl_1.aaxl2,AUTOMOTIVE
aadl-qa_issue182_test2_Test_impl_1.aaxl2,AUTOMOTIVE
aadl-qa_issue182_test2_Test_Subcompo_impl_1.aaxl2,AUTOMOTIVE
aadl-qa_issue182_test2_Test_Subcompo2_impl_1.aaxl2,AUTOMOTIVE
aadl-qa_issue182_test2_Test2_impl_1.aaxl2,AUTOMOTIVE
aadl-qa_issue208_2_gpses_i_1.aaxl2,SMART_BUILDING
aadl-qa_issue208_2_receiver_i_1.aaxl2,SMART_BUILDING
aadl-qa_issue208_2_top_i_1.aaxl2,SMART_BUILDING
aadl-qa_issue208_gpses_i_1.aaxl2,SMART_BUILDING
aadl-qa_issue208_receiver_i_1.aaxl2,SMART_BUILDING
aadl-qa_issue208_top_i_1.aaxl2,SMART_BUILDING
aadl-qa_issue214_top_impl_1.aaxl2,SMART_BUILDING
aadl-qa_issue236_root_impl_1.aaxl2,SMART_BUILDING
aadl-qa_issue270_A_test_1.aaxl2,SMART_BUILDING
aadl-qa_issue277_TestSys_Impl_1.aaxl2,SMART_BUILDING
aadl-qa_issue289_NavSubsystem_Impl_1.aaxl2,SMART_BUILDING
aadl-qa_issue291_B_impl_1.aaxl2,SMART_BUILDING
aadl-qa_issue291_B_impl2_1.aaxl2,SMART_BUILDING
aadl-qa_issue291_B_impl3_1.aaxl2,SMART_BUILDING
aadl-qa_issue315_foo_bar_1.aaxl2,SMART_BUILDING
aadl-qa_issue316_FACE653_DualCore_1.aaxl2,SMART_BUILDING
aadl-qa_issue317_Network_Imp_1.aaxl2,SMART_BUILDING
aadl-qa_issue327_root_impl_1.aaxl2,SMART_BUILDING
aadl-qa_issue59_A_impl_1.aaxl2,SMART_BUILDING
aadl-qa_issue77_SA_impl_1.aaxl2,SMART_BUILDING
aadl-qa_KSU_Isolette_isolette_dual_sensor_1.aaxl2,SMART_BUILDING
aadl-qa_KSU_Isolette_isolette_single_sensor_1.aaxl2,SMART_BUILDING
aadl-qa_KSU_Isolette_operator_interface_impl_1.aaxl2,SMART_BUILDING
aadl-qa_KSU_Isolette_thermostat_dual_sensor_impl_1.aaxl2,SMART_BUILDING
aadl-qa_KSU_Isolette_thermostat_single_sensor_impl_1.aaxl2,SMART_BUILDING
aadl-qa_nameresolution_s_i_1.aaxl2,TESTING
aadl-qa_nameresolution_se_i_1.aaxl2,TESTING
aadl-qa_nameresolution_top_i_1.aaxl2,TESTING
aadl-qa_Nursery_Room_Normal_Operation_1.aaxl2,SMART_BUILDING
aadl-qa_plugins_issue002_test_i_1.aaxl2,SMART_BUILDING
aadl-qa_PositionControl_foo_bar_1.aaxl2,SMART_BUILDING
aadl-qa_RMAAadl_rma_impl_1.aaxl2,SMART_BUILDING
aadl-qa_Sunseeker_Dist_Sunseekercontrolsystem_Type_Dist_1.aaxl2,AVIATION
aadl-qa_Sunseeker_Local_Sunseekercontrolsystem_Type_Local_1.aaxl2,AVIATION
aadl-qa_SYSTEM_IMPLEMENTATION_TC1_T_I_1.aaxl2,AUTOMOTIVE
aadl-qa_test_blackboard_root_impl_1.aaxl2,AUTOMOTIVE
aadl-qa_test_dest_base_1.aaxl2,AUTOMOTIVE
aadl-qa_test_init_base_1.aaxl2,SMART_BUILDING
aadl-qa_test_lua_lua_impl_1.aaxl2,AVIATION
aadl-qa_test_package_refined_isolated_Test_System_impl2_1.aaxl2,AUTOMOTIVE
aadl-qa_test_package_refined_Test_System_impl1_1.aaxl2,AUTOMOTIVE
aadl-qa_test_package_refined_Test_System_impl2_1.aaxl2,AUTOMOTIVE
aadl-qa_test_package_refined_Test_System_impl3_1.aaxl2,AUTOMOTIVE
aadl-qa_test_package_refined_Test_System_impl4_1.aaxl2,AUTOMOTIVE
aadl-qa_test_package_refined_Test_System_impl5_1.aaxl2,SMART_BUILDING
aadl-qa_test2_s_i_1.aaxl2,AUTOMOTIVE
AADL-Self-driving-car_integration_integration_functional_1.aaxl2,AUTOMOTIVE
AADL-Self-driving-car_integration_integration_functional_2.aaxl2,AUTOMOTIVE
AADL-Self-driving-car_integration_integration_functional_3.aaxl2,AUTOMOTIVE
AADL-Self-driving-car_integration_integration_functional_4.aaxl2,AUTOMOTIVE
AADL-Self-driving-car_integration_integration_hardware_1.aaxl2,AUTOMOTIVE
AADL-Self-driving-car_integration_integration_hardware_2.aaxl2,AUTOMOTIVE
AADL-Self-driving-car_integration_integration_hardware_3.aaxl2,AUTOMOTIVE
aadl-shutter_smartshutter_SmartShutterSystem_impl_1.aaxl2,SMART_BUILDING
AADL-SmartParkingApplication_InformationServiceProvider_ISP_impl_1.aaxl2,SMART_BUILDING
AADL-SmartParkingApplication_RSE_RSEOwner_impl_1.aaxl2,SMART_BUILDING
AADL-SmartParkingApplication_SmartParkingSystem_tispSys_impl_1.aaxl2,SMART_BUILDING
aadl-sysml_Pilot_Flying_Cross_Channel_Bus_Cross_Channel_Bus_Impl_1.aaxl2,AVIATION
aadl-sysml_Pilot_Flying_Pilot_Flying_Pilot_Flying_Impl_1.aaxl2,AVIATION
aadl-sysml_Pilot_Flying_Pilot_Flying_Side_Logic_Pilot_Flying_Side_Logic_Impl_1.aaxl2,AVIATION
aadl-sysml_Pilot_Flying_Side_Side_Impl_1.aaxl2,AVIATION
aadl-sysml_Signals_Fall_Fall_Impl_1.aaxl2,AVIATION
aadl-sysml_Signals_Rise_Rise_Impl_1.aaxl2,AVIATION
aadl-translator_Device_AADL_Test_Abstract_Device_Illegal_Port_Name_Device_AADL_Test_Abstract_Device_Illegal_Port_Name_impl_1.aaxl2,SMART_DEVICE
aadl-translator_Device_AADL_Test_Abstract_Device_Missing_Data_Type_Responder_Device_AADL_Test_Abstract_Device_Missing_Data_Type_Responder_impl_1.aaxl2,SMART_DEVICE
aadl-translator_Device_AADL_Test_Abstract_Device_Missing_Device_AADL_Test_Abstract_Device_Missing_impl_1.aaxl2,SMART_DEVICE
aadl-translator_Device_AADL_Test_Abstract_Device_Missing_Ports_Device_AADL_Test_Abstract_Device_Missing_Ports_impl_1.aaxl2,SMART_DEVICE
aadl-translator_Device_AADL_Test_System_Impl_Property_Missing_Credentials_Device_AADL_Test_System_Impl_Property_Missing_Credentials_impl_1.aaxl2,SMART_DEVICE
aadl-translator_Device_AADL_Test_System_Impl_Property_Missing_Manufacturer_Device_AADL_Test_System_Impl_Property_Missing_Manufacturer_impl_1.aaxl2,SMART_DEVICE
aadl-translator_Device_AADL_Test_System_Impl_Property_Missing_ManufacturerModel_Device_AADL_Test_System_Impl_Property_Missing_ManufacturerModel_impl_1.aaxl2,SMART_DEVICE
aadl-translator_Device_AADL_Test_System_Impl_Property_Missing_ModelNumber_Device_AADL_Test_System_Impl_Property_Missing_ModelNumber_impl_1.aaxl2,SMART_DEVICE
aadl-translator_Device_AADL_Test_System_Impl_Property_Missing_SYSTYPE_Device_AADL_Test_System_Impl_Property_Missing_SYSTYPE_impl_1.aaxl2,SMART_DEVICE
aadl-translator_NoninPulseOx_NoninPulseOx_impl_1.aaxl2,SMART_DEVICE
aadl-translator_PulseOx_Forwarding_Bidirectional_System_PulseOx_Forwarding_Bidirectional_System_imp_1.aaxl2,SMART_DEVICE
aadl-translator_PulseOx_Forwarding_DevToDev_System_PulseOx_Forwarding_DevToDev_System_imp_1.aaxl2,SMART_DEVICE
aadl-translator_PulseOx_Forwarding_Duplicate_System_Duplicate_System_imp_1.aaxl2,SMART_DEVICE
aadl-translator_PulseOx_Forwarding_Duplicate_System_PulseOx_Forwarding_Duplicate_System_imp_1.aaxl2,SMART_DEVICE
aadl-translator_PulseOx_Forwarding_System_PulseOx_Forwarding_System_imp_1.aaxl2,SMART_DEVICE
aadl-translator_PulseOx_Forwarding_System_PulseOx_Forwarding_System_imp_2.aaxl2,SMART_DEVICE
aadl-translator_PulseOx_IncDataPort_System_PulseOx_Forwarding_System_imp_1.aaxl2,SMART_DEVICE
aadl-translator_SimpleCapnograph_SimpleCapnograph_impl_1.aaxl2,SMART_DEVICE
aadl-translator_SimplePCA_SimplePCA_impl_1.aaxl2,SMART_DEVICE
AADL-Tutorial_syst_SecuritySystem_with_devices_1.aaxl2,SMART_BUILDING
AADL-Wobbuloscope_Wobbuloscope_Wobbuloscope_impl_1.aaxl2,SMART_DEVICE
aadl2uppaal_Bouncing_Ball_sys_ball_impl_1.aaxl2,AVIATION
AADLib_ADIRU_ADIRU_DeOS_1.aaxl2,AVIATION
AADLib_ADIRU_ADIRU_EMV2_1.aaxl2,AVIATION
AADLib_ADIRU_ADIRU_impl_1.aaxl2,AVIATION
AADLib_ADIRU_ADIRU_VxWorks653_1.aaxl2,AVIATION
AADLib_AOCS_AOCS_Subsystem_impl_1.aaxl2,AVIATION
AADLib_arincexample2_arinc653system_impl_1.aaxl2,AVIATION
AADLib_arincexample2_module1_system_impl_1.aaxl2,AVIATION
AADLib_arincexample2_module2_system_impl_1.aaxl2,AVIATION
AADLib_autopilot_subsys_MCU0_Impl_1.aaxl2,DRONES
AADLib_AvionicsBusManagers_AvionicsBusMgr_XPS8500_1.aaxl2,AVIATION
AADLib_Blocks_FPA_block_with_runtime_i_1.aaxl2,AVIATION
AADLib_Blocks_FPA_block_without_runtime_i_1.aaxl2,AVIATION
AADLib_Blocks_memory_management_eight_links_i_1.aaxl2,AVIATION
AADLib_Blocks_memory_management_two_links_i_1.aaxl2,AVIATION
AADLib_Blocks_obc_i_1.aaxl2,AVIATION
AADLib_Boards_GR_XC3S_1500_GR_XC3S_1500_impl_1.aaxl2,AVIATION
AADLib_Car_Car_impl_1.aaxl2,AUTOMOTIVE
AADLib_DMS_door_management_imp_1.aaxl2,AVIATION
AADLib_emaxxv2_power_distrib_emaxxv2_power_1.aaxl2,DRONES
AADLib_emaxxv2_system_emaxxv2_impl_1.aaxl2,DRONES
AADLib_Flight_Control_System_fcs_impl_1.aaxl2,AVIATION
AADLib_Flowlatencydata_application_allperiodicdelayed_1.aaxl2,SMART_DEVICE
AADLib_Flowlatencydata_topsystem_distributedallperiodicdelayed_1.aaxl2,SMART_DEVICE
AADLib_Flowlatencysampleddata_application_alldatadriven_1.aaxl2,SMART_DEVICE
AADLib_Flowlatencysampleddata_application_allperiodicsampled_1.aaxl2,SMART_DEVICE
AADLib_Flowlatencysampleddata_hardwareplatform_dual_1.aaxl2,SMART_DEVICE
AADLib_Flowlatencysampleddata_hardwareplatform_single_1.aaxl2,SMART_DEVICE
AADLib_Flowlatencysampleddata_topsystem_alldatadriven_1.aaxl2,SMART_DEVICE
AADLib_Flowlatencysampleddata_topsystem_allperiodicsampled_1.aaxl2,SMART_DEVICE
AADLib_Flowlatencysampleddata_topsystem_distributedalldatadriven_1.aaxl2,SMART_DEVICE
AADLib_flyByWire_subsys_MCU1_Impl_1.aaxl2,DRONES
AADLib_fms_fms_impl_1.aaxl2,AVIATION
AADLib_Hello_World_hello_impl_1.aaxl2,TESTING
AADLib_Hello_World_hello_impl_2.aaxl2,TESTING
AADLib_ISR_Ticker_System_impl_1.aaxl2,AVIATION
AADLib_Main_Ardupilot_Ardupilot_Map_impl_1.aaxl2,DRONES
AADLib_Main_Ardupilot_Ardupilot_Shield_impl_1.aaxl2,DRONES
AADLib_mars_pathfinder_sys_mars_pathfinder_correct_1.aaxl2,DRONES
AADLib_mars_pathfinder_sys_mars_pathfinder_impl_1.aaxl2,DRONES
AADLib_MinePump_BA_MinePump_impl_1.aaxl2,SMART_DEVICE
AADLib_MinePump_MinePump_impl_1.aaxl2,SMART_DEVICE
AADLib_minirocket_system_minirocket_impl_1.aaxl2,SMART_DEVICE
AADLib_Mixin_Demo_impl_1.aaxl2,AVIATION
AADLib_mjpeg_integration_integration_a9impl_1.aaxl2,AVIATION
AADLib_mjpeg_integration_integration_DemuxUb_VldA9_1.aaxl2,AVIATION
AADLib_MoDeVVa_modevva_impl_1.aaxl2,DRONES
AADLib_Pacemaker_Pkg_DeviceControllerMonitor_others_1.aaxl2,SMART_DEVICE
AADLib_paparazzi_system_airborne_impl_1.aaxl2,DRONES
AADLib_paparazzi_system_paparazzi_basic_archi_1.aaxl2,DRONES
AADLib_paparazzi_system_paparazzi_PnP_tasks_interruptions_1.aaxl2,DRONES
AADLib_paparazzi_system_paparazzi_PP_tasks_AP_interruptions_1.aaxl2,DRONES
AADLib_paparazzi_system_paparazzi_PP_tasks_interruptions_1.aaxl2,DRONES
AADLib_PartitionedSystemExample_arincsystem_impl_1.aaxl2,AVIATION
AADLib_Perseus_Perseus_Rocket_impl1_1.aaxl2,AVIATION
AADLib_Perseus_Perseus_Rocket_Master_1.aaxl2,AVIATION
AADLib_PING_PING_IMA_1.aaxl2,AVIATION
AADLib_Prodcons_vxworks_impl_1.aaxl2,SMART_DEVICE
AADLib_Producer_Consumer_PC_Simple_Native_1.aaxl2,TESTING
AADLib_quadrirotorv0_system_arm7_i_1.aaxl2,DRONES
AADLib_quadrirotorv0_system_arm9_i_1.aaxl2,DRONES
AADLib_quadrirotorv0_system_quadrirotorv0_impl_1.aaxl2,DRONES
AADLib_quadrirotorv1_system_quadrirotorv1_impl_1.aaxl2,DRONES
AADLib_radar_system_radar_simple_1.aaxl2,AVIATION
AADLib_RAP_Code_RAP_Native_1.aaxl2,AVIATION
AADLib_RAP_RAP_ERC32_ORK_1.aaxl2,AVIATION
AADLib_RAP_RAP_GENERIC_IMPL_1.aaxl2,AVIATION
AADLib_RAP_RAP_LEON_ORK_1.aaxl2,AVIATION
AADLib_RAP_RAP_LEON_RTEMS_1.aaxl2,AVIATION
AADLib_RAP_RAP_Native_1.aaxl2,AVIATION
AADLib_Ravenscar_Example_Case_Study_LEON_Local_1.aaxl2,AUTOMOTIVE
AADLib_RMAAadl_rma_impl_1.aaxl2,AVIATION
AADLib_Robot_BA_robot_i_1.aaxl2,AUTOMOTIVE
AADLib_Robot_LF_Line_Follower_Robot_i_1.aaxl2,AUTOMOTIVE
AADLib_Robot_robot_i_1.aaxl2,AUTOMOTIVE
AADLib_ROSACE_RTEMS_ROSACE_RTEMS_Monocore_1.aaxl2,AVIATION
AADLib_Round_Robin_RR_impl_nopreempt_1.aaxl2,SMART_DEVICE
AADLib_Round_Robin_RR_impl_preempt_1.aaxl2,SMART_DEVICE
AADLib_satellite_system_OBMU_Impl_1.aaxl2,DRONES
AADLib_SMP01_smp01_impl_1.aaxl2,AVIATION
AADLib_STM32Discovery_Ada_blinky_impl_1.aaxl2,AVIATION
AADLib_subsystem_m1_system_impl_1.aaxl2,AVIATION
AADLib_subsystem_m2_system_impl_1.aaxl2,AVIATION
AADLib_subsystem_m3_system_impl_1.aaxl2,AVIATION
AADLib_subsystem_m4_system_impl_1.aaxl2,AVIATION
AADLib_Test_BA_Backend_PC_Simple_Native_1.aaxl2,TESTING
AADLib_Time_Triggered_tt_impl_1.aaxl2,AVIATION
AADLib_traxsterv3_system_traxsterv3_impl_1.aaxl2,SMART_DEVICE
AADLModel_HomeSecuritySystem_HSS_SecuritySystem_with_devices_1.aaxl2,SMART_BUILDING
AADLModel_SmartThermostat_thermostat_arch_Generator_impl_1.aaxl2,SMART_BUILDING
AADLModel_SmartThermostat_thermostat_arch_Temp_sensor_impl_1.aaxl2,SMART_BUILDING
AADLModel_SmartThermostat_thermostat_arch_Thermostat_Controller_impl_1.aaxl2,SMART_BUILDING
AADLModel_SmartThermostat_thermostat_arch_thermostat_impl_1.aaxl2,SMART_BUILDING
AadlProjects_smartparking_communicationsupport_impl_1.aaxl2,AUTOMOTIVE
AadlProjects_smartparking_driver_impl_1.aaxl2,AUTOMOTIVE
AadlProjects_smartparking_parkelecpaymt_impl_1.aaxl2,AUTOMOTIVE
AadlProjects_smartparking_parkingsystem_impl_1.aaxl2,AUTOMOTIVE
AadlProjects_smartparking_parkmgmt_impl_1.aaxl2,AUTOMOTIVE
AadlProjects_smartparking_parkmgmtsys_impl_1.aaxl2,AUTOMOTIVE
AadlProjects_smartparking_persinfodev_impl_1.aaxl2,AUTOMOTIVE
AadlProjects_smartparking_persInteractvTravInfo_impl_1.aaxl2,AUTOMOTIVE
AadlProjects_smartparking_personallocmanagement_impl_1.aaxl2,AUTOMOTIVE
AadlProjects_smartparking_roadsideequip_impl_1.aaxl2,AUTOMOTIVE
AadlProjects_smartparking_roadsideinforeception_impl_1.aaxl2,AUTOMOTIVE
AadlProjects_smartparking_RSEparkmgmt_impl_1.aaxl2,AUTOMOTIVE
AadlProjects_smartparking_SmartParkingSystem_impl_1.aaxl2,AUTOMOTIVE
AadlProjects_smartparking_TICDataColl_impl_1.aaxl2,AUTOMOTIVE
AadlProjects_smartparking_TICInteractvTravInfo_impl_1.aaxl2,AUTOMOTIVE
AadlProjects_smartparking_transinfoctr_impl_1.aaxl2,AUTOMOTIVE
AadlProjects_smartparking_vehbasesafe_impl_1.aaxl2,AUTOMOTIVE
AadlProjects_smartparking_vehicleobe_impl_1.aaxl2,AUTOMOTIVE
AadlProjects_Speedwrisic_RoadAssistanceITS_impl_1.aaxl2,SMART_BUILDING
AadlProjects_Speedwrisic_RSEquip_impl_1.aaxl2,SMART_BUILDING
AadlProjects_Speedwrisic_Speed_impl_1.aaxl2,SMART_BUILDING
AadlProjects_Speedwrisic_TMInfo_impl_1.aaxl2,SMART_BUILDING
AadlProjects_Speedwrisic_Vehicletransit_impl_1.aaxl2,SMART_BUILDING
AadlProjects_vtv_remoteVehicleOBE_impl_1.aaxl2,AUTOMOTIVE
AadlProjects_vtv_transOperator_impl_1.aaxl2,AUTOMOTIVE
AadlProjects_vtv_transvobe_impl_1.aaxl2,AUTOMOTIVE
AadlProjects_vtv_VehicleTransitSystem_impl_1.aaxl2,AUTOMOTIVE
aadlv2_issue_16_Child_impl_1.aaxl2,AVIATION
aadlv2_issue_16_Parent_impl_1.aaxl2,AVIATION
AADLVending_Sterownik_VendingMachineSterownik_with_Devices_1.aaxl2,SMART_DEVICE
AADLVending_Sterownik_VendingMachineSterownik_with_Devices_2.aaxl2,SMART_DEVICE
AASPE_aaspe_case_study_aumotive_prius_prius_model_2010_1.aaxl2,AUTOMOTIVE
AASPE_aaspe_case_study_aumotive_prius_prius_model_2014_1.aaxl2,AUTOMOTIVE
AASPE_automotive_system_car_cherokee_1.aaxl2,AUTOMOTIVE
AASPE_automotive_system_integration_attack_1.aaxl2,AUTOMOTIVE
AASPE_automotive_system_integration_i_1.aaxl2,AUTOMOTIVE
AASPE_case_study_automotive_jeep_car_cherokee_1.aaxl2,AUTOMOTIVE
AASPE_case_study_automotive_jeep_integration_attack_1.aaxl2,AUTOMOTIVE
AASPE_case_study_automotive_jeep_integration_with_cellular_1.aaxl2,AUTOMOTIVE
AASPE_drone_integration_integration_insecure_1.aaxl2,DRONES
AASPE_drone_missionboard_board_debug_1.aaxl2,DRONES
AASPE_security_cwe131_main_correct_1.aaxl2,SECURITY
AASPE_security_cwe131_main_i_1.aaxl2,SECURITY
AASPE_security_cwe131_main_incorrect_1.aaxl2,SECURITY
AASPE_security_cwe311_main_failure1_1.aaxl2,SECURITY
AASPE_security_cwe311_main_i_1.aaxl2,SECURITY
AASPE_security_cwe311_main_success1_1.aaxl2,SECURITY
AASPE_security_cwe311_main_success2_1.aaxl2,SECURITY
AASPE_security_cwe362_main_correct_1.aaxl2,SECURITY
AASPE_security_cwe362_main_i_1.aaxl2,SECURITY
AASPE_security_cwe362_main_incorrect_1.aaxl2,SECURITY
AASPE_security_cwe805_main_failure_array_1.aaxl2,SECURITY
AASPE_security_cwe805_main_failure_float_1.aaxl2,SECURITY
AASPE_security_cwe805_main_failure_int_1.aaxl2,SECURITY
AASPE_security_cwe805_main_success_array_1.aaxl2,SECURITY
AASPE_security_cwe805_main_success_float_1.aaxl2,SECURITY
AASPE_security_cwe805_main_success_int_1.aaxl2,SECURITY
AASPE_security_r0_main_correct_1.aaxl2,SECURITY
AASPE_security_r0_main_i_1.aaxl2,SECURITY
AASPE_security_r0_main_incorrect_1.aaxl2,SECURITY
AASPE_security_r1_main_correct_1.aaxl2,SECURITY
AASPE_security_r1_main_i_1.aaxl2,SECURITY
AASPE_security_r1_main_incorrect_1.aaxl2,SECURITY
AASPE_security_r2_main_correct_1.aaxl2,SECURITY
AASPE_security_r2_main_i_1.aaxl2,SECURITY
AASPE_security_r2_main_incorrect_1.aaxl2,SECURITY
AASPE_security_r3_main_correct1_1.aaxl2,SECURITY
AASPE_security_r3_main_correct2_1.aaxl2,SECURITY
AASPE_security_r3_main_i_1.aaxl2,SECURITY
AASPE_security_r3_main_incorrect1_1.aaxl2,SECURITY
AASPE_security_r3_main_incorrect2_1.aaxl2,SECURITY
AASPE_security_r4_main_correct1_1.aaxl2,SECURITY
AASPE_security_r4_main_correct2_1.aaxl2,SECURITY
AASPE_security_r4_main_i_1.aaxl2,SECURITY
AASPE_security_r4_main_incorrect_1.aaxl2,SECURITY
AASPE_security_r5_main_correct_1.aaxl2,SECURITY
AASPE_security_r5_main_i_1.aaxl2,SECURITY
AASPE_security_r5_main_incorrect1_1.aaxl2,SECURITY
AASPE_security_r5_main_incorrect2_1.aaxl2,SECURITY
AASPE_security_r5_main_incorrect3_1.aaxl2,SECURITY
AASPE_security_r5_main_incorrect4_1.aaxl2,SECURITY
AASPE_security_r6_main_correct_1.aaxl2,SECURITY
AASPE_security_r6_main_i_1.aaxl2,SECURITY
AASPE_security_r6_main_incorrect_1.aaxl2,SECURITY
AASPE_security_r7_integration_fail1_1.aaxl2,SECURITY
AASPE_security_r7_integration_fail2_1.aaxl2,SECURITY
AASPE_security_r7_integration_fail3_1.aaxl2,SECURITY
AASPE_security_r7_integration_i_1.aaxl2,SECURITY
AASPE_security_r7_integration_success1_1.aaxl2,SECURITY
AASPE_security_r7_integration_success2_1.aaxl2,SECURITY
AASPE_security_r7_integration_success4_1.aaxl2,SECURITY
AASPE_security_timing_requirements_main_correct_1.aaxl2,SECURITY
AASPE_security_timing_requirements_main_i_1.aaxl2,SECURITY
AASPE_security_timing_requirements_main_incorrect_1.aaxl2,SECURITY
AASPE_sel4_bb_serial_main_beaglebone_1.aaxl2,SECURITY
AASPE_sel4_hello_world_hello_impl_1.aaxl2,TESTING
AASPE_sel4_ping_pong_event_ping_beaglebone_1.aaxl2,TESTING
AASPE_sel4_ping_pong_event_ping_impl_1.aaxl2,TESTING
AASPE_sel4_ping_pong_event_ping_kzm_1.aaxl2,TESTING
AASPE_sel4_ping_pong_event_ping_x86_1.aaxl2,TESTING
AASPE_sel4_ping_pong_ping_beaglebone_1.aaxl2,TESTING
AASPE_sel4_ping_pong_ping_impl_1.aaxl2,TESTING
AASPE_sel4_ping_pong_ping_kzm_1.aaxl2,TESTING
AASPE_sel4_ping_pong_ping_x86_1.aaxl2,TESTING
AASPE_sel4_two_tasks_twotasks_beaglebone_1.aaxl2,TESTING
AASPE_sel4_two_tasks_twotasks_impl_1.aaxl2,TESTING
AASPE_sel4_two_tasks_twotasks_kzm_1.aaxl2,TESTING
AASPE_sel4_two_tasks_twotasks_x86_1.aaxl2,TESTING
adiru_aadl_Adiru_ADIRU_impl_1.aaxl2,SMART_DEVICE
adiru_aadl_other_system_fmc_system_impl_1.aaxl2,AVIATION
adiru_aadl_subsystem_adr_system_impl_1.aaxl2,AVIATION
adiru_aadl_subsystem_ir_system_impl_1.aaxl2,AVIATION
AGREE_Steering_Axle_Axle_Impl_1.aaxl2,AUTOMOTIVE
air_Ex1_s_i_1.aaxl2,TESTING
air_Ex2_s_i_1.aaxl2,TESTING
air_Ex2_wrapper_i_1.aaxl2,TESTING
air_Ex3_as_i_1.aaxl2,TESTING
air_Ex3_bs_i_1.aaxl2,TESTING
air_Ex3_wrapper_i_1.aaxl2,TESTING
Aircraft_aircraft_functional_aircraft_functional_model_1.aaxl2,AVIATION
alisa-response-time_Simple_system_Computation_chain_Impl_1.aaxl2,SMART_DEVICE
AMASE_functional_GenericFunctions_Generic_basic_1.aaxl2,AVIATION
AMASE_functional_initial_BrakeCommand_basic_1.aaxl2,AVIATION
AMASE_functional_WheelBrake_Main_DecelerateOnGround_basic_1.aaxl2,AVIATION
AMASE_impl_wbs_wbs_detailed_1.aaxl2,AVIATION
AMASE_Integer_Toy_top_level_Impl_1.aaxl2,AVIATION
AMASE_MeterValve_MeterValve_inst_4.aaxl2,AVIATION
AMASE_Oberst_Oberst_top_1.aaxl2,AVIATION
AMASE_pedals_pedals_generic_1.aaxl2,AVIATION
AMASE_Reactor_Radiation_Ctrl_Reactor_Radiation_Ctrl_W_Voting_1.aaxl2,AVIATION
AMASE_Reactor_Sys_Reactor_Ctrl_No_Voting_1.aaxl2,AVIATION
AMASE_SeriesValve_SeriesValve_impl_1.aaxl2,AVIATION
AMASE_ShutoffValve_ShutoffValve_inst_1.aaxl2,AVIATION
AMASE_ShutoffValve_ShutoffValve_inst_4.aaxl2,AVIATION
AMASE_valves_generic_i_3.aaxl2,AVIATION
AMASE_WheelPairCommandSystem_NormalCommandCalculator_inst_1.aaxl2,AVIATION
An-AADL-Model-of-Smart-Home-System_Clients_Clients_impl_1.aaxl2,SMART_BUILDING
An-AADL-Model-of-Smart-Home-System_MainControlRouter_MainControlRouter_impl_1.aaxl2,SMART_BUILDING
An-AADL-Model-of-Smart-Home-System_RemoteServer_RemoteServer_impl_1.aaxl2,SMART_BUILDING
An-AADL-Model-of-Smart-Home-System_smart_home_system_smart_home_impl_1.aaxl2,SMART_BUILDING
APS-Communication_Architecture_AidsToNavigation_AidsToNavigation_impl_1.aaxl2,AUTONOMOUS_PASSENGER_SHIP
APS-Communication_Architecture_APS_APSCommunication_impl_1.aaxl2,AUTONOMOUS_PASSENGER_SHIP
APS-Communication_Architecture_APS_ASC_Backup_impl_1.aaxl2,AUTONOMOUS_PASSENGER_SHIP
APS-Communication_Architecture_APS_ASC_impl_1.aaxl2,AUTONOMOUS_PASSENGER_SHIP
APS-Communication_Architecture_APS_ASC_Main_impl_1.aaxl2,AUTONOMOUS_PASSENGER_SHIP
APS-Communication_Architecture_APS_AuxiliarySystem_impl_1.aaxl2,AUTONOMOUS_PASSENGER_SHIP
APS-Communication_Architecture_APS_BMS_impl_1.aaxl2,AUTONOMOUS_PASSENGER_SHIP
APS-Communication_Architecture_APS_COLAVandSSITAW_Backup_impl_1.aaxl2,AUTONOMOUS_PASSENGER_SHIP
APS-Communication_Architecture_APS_COLAVandSSITAW_impl_1.aaxl2,AUTONOMOUS_PASSENGER_SHIP
APS-Communication_Architecture_APS_DockingSystem_impl_1.aaxl2,AUTONOMOUS_PASSENGER_SHIP
APS-Communication_Architecture_APS_EmergencyButtonTransmitter_impl_1.aaxl2,AUTONOMOUS_PASSENGER_SHIP
APS-Communication_Architecture_APS_GNSS_IMU_Backup_impl_1.aaxl2,AUTONOMOUS_PASSENGER_SHIP
APS-Communication_Architecture_APS_GNSS_IMU_Main_impl_1.aaxl2,AUTONOMOUS_PASSENGER_SHIP
APS-Communication_Architecture_APS_IDS_impl_1.aaxl2,AUTONOMOUS_PASSENGER_SHIP
APS-Communication_Architecture_APS_IS3MS_impl_1.aaxl2,AUTONOMOUS_PASSENGER_SHIP
APS-Communication_Architecture_APS_LogBook_impl_1.aaxl2,AUTONOMOUS_PASSENGER_SHIP
APS-Communication_Architecture_APS_MachinerySystem_impl_1.aaxl2,AUTONOMOUS_PASSENGER_SHIP
APS-Communication_Architecture_APS_NavigationSystem_Backup_impl_1.aaxl2,AUTONOMOUS_PASSENGER_SHIP
APS-Communication_Architecture_APS_NavigationSystem_Backup_impl_withRedundancy_1.aaxl2,AUTONOMOUS_PASSENGER_SHIP
APS-Communication_Architecture_APS_NavigationSystem_impl_1.aaxl2,AUTONOMOUS_PASSENGER_SHIP
APS-Communication_Architecture_APS_NavigationSystem_impl_withRedundancy_1.aaxl2,AUTONOMOUS_PASSENGER_SHIP
APS-Communication_Architecture_APS_NavigationSystem_impl_withRedundancy2_1.aaxl2,AUTONOMOUS_PASSENGER_SHIP
APS-Communication_Architecture_APS_NetworkAndSystemManagement_impl_1.aaxl2,AUTONOMOUS_PASSENGER_SHIP
APS-Communication_Architecture_APS_PMS_impl_1.aaxl2,AUTONOMOUS_PASSENGER_SHIP
APS-Communication_Architecture_APS_PowMS_impl_1.aaxl2,AUTONOMOUS_PASSENGER_SHIP
APS-Communication_Architecture_APS_SafetySystem_impl_1.aaxl2,AUTONOMOUS_PASSENGER_SHIP
APS-Communication_Architecture_APS_WANLoadBalancer_impl_1.aaxl2,AUTONOMOUS_PASSENGER_SHIP
APS-Communication_Architecture_CloudComponent_APSCommunication_impl_1.aaxl2,AUTONOMOUS_PASSENGER_SHIP
APS-Communication_Architecture_CloudComponent_CommunicationHubServer_impl_1.aaxl2,AUTONOMOUS_PASSENGER_SHIP
APS-Communication_Architecture_ECT_APSCommunication_impl_1.aaxl2,AUTONOMOUS_PASSENGER_SHIP
APS-Communication_Architecture_ECT_EmergencyButtonReceiver_impl_1.aaxl2,AUTONOMOUS_PASSENGER_SHIP
APS-Communication_Architecture_Mobile5GNetwork_APSCommunication_impl_1.aaxl2,AUTONOMOUS_PASSENGER_SHIP
APS-Communication_Architecture_Overall_APSCommunicationArchitecture_impl_1.aaxl2,AUTONOMOUS_PASSENGER_SHIP
APS-Communication_Architecture_RCC_APSCommunication_impl_1.aaxl2,AUTONOMOUS_PASSENGER_SHIP
APS-Communication_Architecture_RCC_ControlComputer_Backup_impl_1.aaxl2,AUTONOMOUS_PASSENGER_SHIP
APS-Communication_Architecture_RCC_ControlComputer_Main_impl_1.aaxl2,AUTONOMOUS_PASSENGER_SHIP
APS-Communication_Architecture_RCC_IDS_impl_1.aaxl2,AUTONOMOUS_PASSENGER_SHIP
APS-Communication_Architecture_RCC_IS3MS_impl_1.aaxl2,AUTONOMOUS_PASSENGER_SHIP
APS-Communication_Architecture_RCC_NetworkAndSystemManagement_impl_1.aaxl2,AUTONOMOUS_PASSENGER_SHIP
APS-Communication_Architecture_Ship_APSCommunication_impl_1.aaxl2,AUTONOMOUS_PASSENGER_SHIP
APS-Communication_Architecture_SSS_APSCommunication_impl_1.aaxl2,AUTONOMOUS_PASSENGER_SHIP
APS-Communication_Architecture_Stakeholder_APSCommunication_impl_1.aaxl2,AUTONOMOUS_PASSENGER_SHIP
APS-Communication_Architecture_TIS_APSCommunication_impl_1.aaxl2,AUTONOMOUS_PASSENGER_SHIP
arch-models-example_ClientServer_ClientServer_impl_1.aaxl2,SMART_DEVICE
arch-models-example_resourcebudgets_DCA_tier1_1.aaxl2,SMART_DEVICE
arch-models-example_resourcebudgets_DCA_tier2_1.aaxl2,SMART_DEVICE
arch-models-example_resourcebudgets_DCS_dualtier2_1.aaxl2,SMART_DEVICE
arch-models-example_resourcebudgets_DCS_singletier0_1.aaxl2,SMART_DEVICE
arch-models-example_resourcebudgets_DCS_singletier1_1.aaxl2,SMART_DEVICE
arch-models-example_resourcebudgets_DCS_singletier2_1.aaxl2,SMART_DEVICE
arch-models-example_resourcebudgets_MySystem_Tier0_1.aaxl2,SMART_DEVICE
arch-models-example_resourcebudgets_MySystem_Tier2_1.aaxl2,SMART_DEVICE
arch-models-example_resourcebudgets_platform_dual_1.aaxl2,SMART_DEVICE
arch-models-example_resourcebudgets_platform_single_1.aaxl2,SMART_DEVICE
arch-models-example_resourcebudgets_SCS_dualtier2_1.aaxl2,SMART_DEVICE
arch-models-example_resourcebudgets_SCS_tier0_1.aaxl2,SMART_DEVICE
arch-models-example_resourcebudgets_SCS_tier1_1.aaxl2,SMART_DEVICE
arch-models-example_resourcebudgets_SCS_tier2_1.aaxl2,SMART_DEVICE
arch-models-example-2_CruiseController_CruiseControllerSystem_Impl_1.aaxl2,AUTOMOTIVE
arch-models-example-2_DeliveryDrone_DeliveryDroneSystem_Impl_1.aaxl2,DRONES
arch-models-example-2_GNC_GNC_Impl_1.aaxl2,DRONES
AuthInAADL_resolute_check_dataflow_filter_i_1.aaxl2,SECURITY
AuthInAADL_resolute_check_dataflow_integration_i_1.aaxl2,SECURITY
AuthInAADL_resolute_check_dataflow_receiver_i_1.aaxl2,SECURITY
AuthInAADL_resolute_check_dataflow_sender_i_1.aaxl2,SECURITY
AutoModelCheckerGeneration_aviation_GCAS_singleton_impl_1.aaxl2,AVIATION
AutoModelCheckerGeneration_aviation_GeoFence_singleton_impl_1.aaxl2,AVIATION
AutoModelCheckerGeneration_aviation_Supervised_System_impl_1.aaxl2,AVIATION
AutoModelCheckerGeneration_aviation_Supervisor_impl_1.aaxl2,AVIATION
AutoModelCheckerGeneration_aviation_TCAS_singleton_impl_1.aaxl2,AVIATION
AutoModelCheckerGeneration_refuel_single_Refuel_singleton_impl_1.aaxl2,AVIATION
AviationRequirementModeling_agree_temperature_control_panel_i_1.aaxl2,AVIATION
AviationRequirementModeling_agree_temperature_control_panel_i_2.aaxl2,AVIATION
AviationRequirementModeling_agree_temperature_controller_impl_1.aaxl2,AVIATION
AviationRequirementModeling_agree_temperature_controller_impl_2.aaxl2,AVIATION
AviationRequirementModeling_agree_temperature_cooler_impl_1.aaxl2,AVIATION
AviationRequirementModeling_agree_temperature_cooler_impl_2.aaxl2,AVIATION
AviationRequirementModeling_agree_temperature_heater_impl_1.aaxl2,AVIATION
AviationRequirementModeling_agree_temperature_heater_impl_2.aaxl2,AVIATION
AviationRequirementModeling_agree_temperature_integration_impl_1.aaxl2,AVIATION
AviationRequirementModeling_agree_temperature_integration_impl_2.aaxl2,AVIATION
AviationRequirementModeling_agree_temperature_temp_control_i_1.aaxl2,AVIATION
AviationRequirementModeling_agree_temperature_temp_control_i_2.aaxl2,AVIATION
AviationRequirementModeling_agree_temperature_temperature_sensor_i1_1.aaxl2,AVIATION
AviationRequirementModeling_agree_temperature_temperature_sensor_i1_2.aaxl2,AVIATION
AviationRequirementModeling_agree_temperature_temperature_sensor_i2_1.aaxl2,AVIATION
AviationRequirementModeling_agree_temperature_temperature_sensor_i2_2.aaxl2,AVIATION
AviationRequirementModeling_agree_temperature_voter_impl_1.aaxl2,AVIATION
AviationRequirementModeling_agree_temperature_voter_impl_2.aaxl2,AVIATION
AviationRequirementModeling_AviateControlLevel_Aviate_Control_Level_Aviate_Control_Level_impl_1.aaxl2,AVIATION
AviationRequirementModeling_AviateControlLevel_Aviate_Control_Level_Aviate_Control_Level_impl_2.aaxl2,AVIATION
AviationRequirementModeling_aviation_GCAS_singleton_impl_1.aaxl2,AVIATION
AviationRequirementModeling_aviation_GCAS_singleton_impl_2.aaxl2,AVIATION
AviationRequirementModeling_aviation_GeoFence_singleton_impl_1.aaxl2,AVIATION
AviationRequirementModeling_aviation_GeoFence_singleton_impl_2.aaxl2,AVIATION
AviationRequirementModeling_aviation_Supervised_System_impl_1.aaxl2,AVIATION
AviationRequirementModeling_aviation_Supervised_System_impl_2.aaxl2,AVIATION
AviationRequirementModeling_aviation_Supervisor_impl_1.aaxl2,AVIATION
AviationRequirementModeling_aviation_Supervisor_impl_2.aaxl2,AVIATION
AviationRequirementModeling_aviation_TCAS_singleton_impl_1.aaxl2,AVIATION
AviationRequirementModeling_aviation_TCAS_singleton_impl_2.aaxl2,AVIATION
AviationRequirementModeling_gcas_single_GCAS_singleton_impl_1.aaxl2,AVIATION
AviationRequirementModeling_gcas_single_GCAS_singleton_impl_2.aaxl2,AVIATION
AviationRequirementModeling_geofence_single_GeoFence_singleton_impl_1.aaxl2,AVIATION
AviationRequirementModeling_geofence_single_GeoFence_singleton_impl_2.aaxl2,AVIATION
AviationRequirementModeling_refuel_single_Refuel_singleton_impl_1.aaxl2,AVIATION
AviationRequirementModeling_refuel_single_Refuel_singleton_impl_2.aaxl2,AVIATION
AviationRequirementModeling_tcas_Instrumentation_impl_1.aaxl2,AVIATION
AviationRequirementModeling_tcas_Instrumentation_impl_2.aaxl2,AVIATION
AviationRequirementModeling_tcas_ManeuverTemplates_impl_1.aaxl2,AVIATION
AviationRequirementModeling_tcas_ManeuverTemplates_impl_2.aaxl2,AVIATION
AviationRequirementModeling_tcas_ResponseSelection_impl_1.aaxl2,AVIATION
AviationRequirementModeling_tcas_ResponseSelection_impl_2.aaxl2,AVIATION
AviationRequirementModeling_tcas_single_TCAS_singleton_impl_1.aaxl2,AVIATION
AviationRequirementModeling_tcas_single_TCAS_singleton_impl_2.aaxl2,AVIATION
AviationRequirementModeling_tcas_Surveillance_impl_1.aaxl2,AVIATION
AviationRequirementModeling_tcas_Surveillance_impl_2.aaxl2,AVIATION
AviationRequirementModeling_tcas_TCAS_impl_1.aaxl2,AVIATION
AviationRequirementModeling_tcas_TCAS_impl_2.aaxl2,AVIATION
AviationRequirementModeling_tcas_ThreatDetection_impl_1.aaxl2,AVIATION
AviationRequirementModeling_tcas_ThreatDetection_impl_2.aaxl2,AVIATION
AviationRequirementModeling_tcas_TrajectoryExtrapolation_impl_1.aaxl2,AVIATION
AviationRequirementModeling_tcas_TrajectoryExtrapolation_impl_2.aaxl2,AVIATION
AviationRequirementModeling_test_TrafficLight_small_1.aaxl2,AVIATION
AviationRequirementModeling_test_TrafficLight_small_2.aaxl2,AVIATION
bankomat_Bankomat_bankomat_impl_1.aaxl2,SMART_DEVICE
BLESS-models_Act_Actuator_common_1.aaxl2,SMART_DEVICE
BLESS-models_Control_Controller_base_1.aaxl2,SMART_DEVICE
BLESS-models_CTCS_MovementAuthority_i_1.aaxl2,AUTOMOTIVE
BLESS-models_History_History_imp_1.aaxl2,SMART_DEVICE
BLESS-models_IoMTwin_Coordinator_impl_1.aaxl2,SMART_DEVICE
BLESS-models_IoMTwin_PCA_Pump_impl_1.aaxl2,SMART_DEVICE
BLESS-models_IoMTwin_Pulse_Oximeter_impl_1.aaxl2,SMART_DEVICE
BLESS-models_IoMTwin_Respiration_Monitor_impl_1.aaxl2,SMART_DEVICE
BLESS-models_IoMTwin_SysIoMT_impl_1.aaxl2,SMART_DEVICE
BLESS-models_KSU_Isolette_isolette_dual_sensor_1.aaxl2,SMART_BUILDING
BLESS-models_KSU_Isolette_isolette_single_sensor_1.aaxl2,SMART_BUILDING
BLESS-models_KSU_Isolette_operator_interface_impl_1.aaxl2,SMART_BUILDING
BLESS-models_KSU_Isolette_thermostat_dual_sensor_impl_1.aaxl2,SMART_BUILDING
BLESS-models_KSU_Isolette_thermostat_single_sensor_impl_1.aaxl2,SMART_BUILDING
BLESS-models_MovAuth_sysMovAuth_impl_1.aaxl2,AUTOMOTIVE
BLESS-models_MovAuth_Train_impl_1.aaxl2,AUTOMOTIVE
BLESS-models_Nursery_Room_Normal_Operation_1.aaxl2,SMART_BUILDING
BLESS-models_PACEMAKER_PG_imp_1.aaxl2,SMART_DEVICE
BLESS-models_PG_Pacemaker_imp_1.aaxl2,SMART_DEVICE
BLESS-models_PO_ICEpoSystem_imp_1.aaxl2,SMART_DEVICE
BLESS-models_PositionControl_PositionControlSystem_FragileMultiStep_1.aaxl2,SMART_DEVICE
BLESS-models_PositionControl_PositionControlSystem_FragileSingleStep_1.aaxl2,SMART_DEVICE
BLESS-models_PositionControl_PositionControlSystem_RobustSingleStep_1.aaxl2,SMART_DEVICE
BLESS-models_Sorting_inst_me_1.aaxl2,SMART_DEVICE
BLESS-models_Telemetry_Telemetry_imp_1.aaxl2,SMART_DEVICE
BLESS-models_Timeout_S_i_1.aaxl2,SMART_DEVICE
BLESS-models_Train_Train_i_1.aaxl2,AUTOMOTIVE
BLESS-models_vvi_mode_Implant_i_1.aaxl2,SMART_DEVICE
BLESS-models_vvi_mode_PG_i_1.aaxl2,SMART_DEVICE
CarModelAADL_CarSystem_Car_impl_1.aaxl2,AUTOMOTIVE
CMPare_CMPare_CMPareSystem_Impl_1.aaxl2,SMART_DEVICE
CMPare_CMPare_monitoringServer_Impl_1.aaxl2,SMART_DEVICE
CMPare_CMPare_webServer_Impl_1.aaxl2,SMART_DEVICE
CMPare_Customer_Service_CustomerService_Impl_1.aaxl2,SMART_DEVICE
CMPare_deliver_system_Deliver_Impl_1.aaxl2,SMART_DEVICE
CMPare_Order_System_Order_Impl_1.aaxl2,SMART_DEVICE
CMPare_payment_payment_Impl_1.aaxl2,SMART_DEVICE
CoffeeMachine_CoffeeMachineSystem_CoffeeMachineSystem_impl_1.aaxl2,SMART_DEVICE
CoffeeMachine_CoffeeMakerSubsystem_CoffeeMakerSystem_impl_1.aaxl2,SMART_DEVICE
CoffeeMachine_SystemEnvironment_SystemEnvironment_impl_1.aaxl2,SMART_DEVICE
collision_detection_aadl_avoidance_subsystem_avoidance_subsystem_impl_1.aaxl2,AUTOMOTIVE
collision_detection_aadl_complete_car_system_complete_car_impl_1.aaxl2,AUTOMOTIVE
collision_detection_aadl_networking_subsystem_networking_subsystem_standard_1.aaxl2,AUTOMOTIVE
collision_detection_aadl_prediction_subsystem_prediction_subsystem_standard_1.aaxl2,AUTOMOTIVE
collision_detection_aadl_response_subsystem_response_subsystem_standard_1.aaxl2,AUTOMOTIVE
collision_detection_aadl_user_interaction_subsystem_user_interaction_subsystem_standard_1.aaxl2,AUTOMOTIVE
collision_detection_aadl_vehicle_actuation_vehicle_actuation_standard_1.aaxl2,AUTOMOTIVE
Crazyflie_Crazyflie_Final_Crazyflie_Final_impl_1.aaxl2,DRONES
Crazyflie_Crazyflie_functional_Crazyflie_Functional_Chain_impl_1.aaxl2,DRONES
Crazyflie_Crazyflie_Hardware_Crazyflie_impl_1.aaxl2,DRONES
Crazyflie_Crazyflie_System_Crazyflie_System_impl_1.aaxl2,DRONES
CSCI445-Adventium-Labs-GUMBO-Plugin-2021_Pressure_Ctrl_Pressure_Ctrl_impl_1.aaxl2,SMART_BUILDING
CSCI445-Adventium-Labs-GUMBO-Plugin-2021_Pressure_Ctrl_Pressure_Ctrl_impl_2.aaxl2,SMART_BUILDING
CSCI445-Adventium-Labs-GUMBO-Plugin-2021_Radiation_Ctrl_Radiation_Ctrl_impl_1.aaxl2,SMART_BUILDING
CSCI445-Adventium-Labs-GUMBO-Plugin-2021_Radiation_Ctrl_Radiation_Ctrl_impl_2.aaxl2,SMART_BUILDING
CSCI445-Adventium-Labs-GUMBO-Plugin-2021_Sensor_System_SensorSys_impl_1.aaxl2,SMART_BUILDING
CSCI445-Adventium-Labs-GUMBO-Plugin-2021_Sensor_System_SensorSys_impl_2.aaxl2,SMART_BUILDING
CSCI445-Adventium-Labs-GUMBO-Plugin-2021_Temperature_Ctrl_Temperature_Ctrl_impl_1.aaxl2,SMART_BUILDING
CSCI445-Adventium-Labs-GUMBO-Plugin-2021_Temperature_Ctrl_Temperature_Ctrl_impl_2.aaxl2,SMART_BUILDING
DAPP_aadl_integration_integration_generic_1.aaxl2,SMART_DEVICE
DAPP_aadl_integration_integration_write_owner_request_impl_1.aaxl2,SMART_DEVICE
DHsystem_Accounts_DHaccounts_impl_1.aaxl2,SMART_DEVICE
DHsystem_Communications_DHcommunications_impl_1.aaxl2,SMART_DEVICE
DHsystem_Communications_DHgateway_impl_1.aaxl2,SMART_DEVICE
DHsystem_Configurations_DHconfig_impl_1.aaxl2,SMART_BUILDING
DHsystem_Devices_DHdevices_impl_1.aaxl2,SMART_DEVICE
DHsystem_Devices_humidity_impl_1.aaxl2,SMART_BUILDING
DHsystem_Devices_power_impl_1.aaxl2,SMART_DEVICE
DHsystem_Devices_security_impl_1.aaxl2,SMART_DEVICE
DHsystem_Devices_thermo_impl_1.aaxl2,SMART_BUILDING
DHsystem_Systems_DHsystem_impl_1.aaxl2,SMART_DEVICE
Drinks_vending_machine_aadl_DrinkMachine_DrinkMachineSystem_impl_1.aaxl2,SMART_DEVICE
ElectricScooter-AADL_Controller_Scooter_Controller_i_1.aaxl2,SMART_DEVICE
ElectronicTollCollection_Toll_Collection_DMV_impl_1.aaxl2,SMART_DEVICE
ElectronicTollCollection_Toll_Collection_driver_impl_1.aaxl2,SMART_DEVICE
ElectronicTollCollection_Toll_Collection_enforcement_center_impl_1.aaxl2,SMART_DEVICE
ElectronicTollCollection_Toll_Collection_financial_center_impl_1.aaxl2,SMART_DEVICE
ElectronicTollCollection_Toll_Collection_its_roadway_paymnt_equipment_impl_1.aaxl2,SMART_DEVICE
ElectronicTollCollection_Toll_Collection_other_payment_administration_impl_1.aaxl2,SMART_DEVICE
ElectronicTollCollection_Toll_Collection_pac_paymnt_administration_impl_1.aaxl2,SMART_DEVICE
ElectronicTollCollection_Toll_Collection_payment_administration_center_impl_1.aaxl2,SMART_DEVICE
ElectronicTollCollection_Toll_Collection_payment_administrator_impl_1.aaxl2,SMART_DEVICE
ElectronicTollCollection_Toll_Collection_payment_device_impl_1.aaxl2,SMART_DEVICE
ElectronicTollCollection_Toll_Collection_pers_interactive_travlr_info_impl_1.aaxl2,SMART_DEVICE
ElectronicTollCollection_Toll_Collection_personal_info_device_impl_1.aaxl2,SMART_DEVICE
ElectronicTollCollection_Toll_Collection_roadside_equipment_impl_1.aaxl2,SMART_DEVICE
ElectronicTollCollection_Toll_Collection_roadway_toll_collectn_support_impl_1.aaxl2,SMART_DEVICE
ElectronicTollCollection_Toll_Collection_rsetc_impl_1.aaxl2,SMART_DEVICE
ElectronicTollCollection_Toll_Collection_Toll_Collection_impl_1.aaxl2,SMART_DEVICE
ElectronicTollCollection_Toll_Collection_veh_toll_paymnt_impl_1.aaxl2,SMART_DEVICE
ElectronicTollCollection_Toll_Collection_vehicle_obe_impl_1.aaxl2,SMART_DEVICE
ErrorModelV2_AllFlows_FGS_impl_1.aaxl2,SECURITY
ErrorModelV2_common_error1_main_commonsource_1.aaxl2,SECURITY
ErrorModelV2_common_error2_main_commonevents_1.aaxl2,SECURITY
ErrorModelV2_common_error3_main_commoneventssingleport_1.aaxl2,SECURITY
ErrorModelV2_DualFGS_FGS_impl_1.aaxl2,SECURITY
ErrorModelV2_FilteredFlows_FGS_impl_1.aaxl2,SECURITY
ErrorModelV2_fta1test_main_i_1.aaxl2,SECURITY
ErrorModelV2_fta2test_main_i_1.aaxl2,SECURITY
ErrorModelV2_fta3Test_main_i_1.aaxl2,SECURITY
ErrorModelV2_issue993_main_i_1.aaxl2,SECURITY
ErrorModelV2_nestedcomposite_main_nestedstate_1.aaxl2,SECURITY
ErrorModelV2_OptimizeTree_Top_impl_1.aaxl2,SECURITY
ErrorModelV2_propagationpointfeaturetest_main_commonsource_1.aaxl2,SECURITY
ErrorModelV2_propagationpointstest_main_commonsource_1.aaxl2,SECURITY
ErrorModelV2_redundant_main_compositestate_1.aaxl2,SECURITY
ErrorModelV2_redundant2_main2_compositesametype_1.aaxl2,SECURITY
ErrorModelV2_redundant2_main2_connection_1.aaxl2,SECURITY
ErrorModelV2_redundant2_main2_transition_1.aaxl2,SECURITY
examples_arincexample2_module2_system_impl_1.aaxl2,AVIATION
examples_array_refinement_main_i_1.aaxl2,SMART_DEVICE
examples_AvionicsSubsystemFlow_Display_Manager_impl_1.aaxl2,AVIATION
examples_dm_legacy_platform_platform_i_1.aaxl2,AVIATION
examples_emsoft2016_exercises_exercise1_integration_integration_functional_1.aaxl2,SMART_BUILDING
examples_emsoft2016_solutions_exercise4_integration_integration_functional_1.aaxl2,SMART_BUILDING
examples_emv2_issue8_main_i_1.aaxl2,TESTING
examples_example_cca_cma1_assembly_i4_1.aaxl2,TESTING
examples_featurearray_toplanes_tripletriple_1.aaxl2,DRONES
examples_FlightSystem_FlightSystem_DualGPSSingleSensor_1.aaxl2,AVIATION
examples_flt_computer_flt_computer_generic_1.aaxl2,SMART_DEVICE
examples_flt_system_flt_system_impl_1.aaxl2,SMART_DEVICE
examples_flt_system_flt_system_impl4_1.aaxl2,SMART_DEVICE
examples_FourStateDualFGS_FGS_fourstate_1.aaxl2,SECURITY
examples_fta_sample_main_i_1.aaxl2,TESTING
examples_functional_initial_AirCraftStatus_basic_1.aaxl2,AVIATION
examples_functional_initial_ApplyWheelBrake_basic_1.aaxl2,AVIATION
examples_impl_bscu_bscu_basic_1.aaxl2,AVIATION
examples_impl_wheel_wheel_two_inputs_i_1.aaxl2,AVIATION
examples_issue_S_i_1.aaxl2,TESTING
examples_issue327_root_impl_1.aaxl2,TESTING
examples_issue334_A653_Imp_1.aaxl2,TESTING
examples_lifevest_lifevest_impl_1.aaxl2,SECURITY
examples_Multi_Core_Simple2_main_normal_1.aaxl2,AVIATION
examples_resolute_check_arinc653_compliance_arincsystem_impl_1.aaxl2,AVIATION
examples_test_package_refined_Test_System_impl2_1.aaxl2,TESTING
examples_testfgconndirection_sys2_i_1.aaxl2,TESTING
examples_TopSystem_top_system_impl_1.aaxl2,SMART_DEVICE
examples_TransportAircraft_Generic_transportAircraft_generic_2.aaxl2,AVIATION
examples_unhandled_faults_assembly_i6_1.aaxl2,SECURITY
examples_unhandled_faults2_assembly_i_1.aaxl2,TESTING
examples_valves_generic_pwm_input_i_1.aaxl2,TESTING
examples_wbs_wbs_federated_1.aaxl2,AVIATION
face2aadl_connectedClient_integration_model_IntegrationModel1_impl_1.aaxl2,SMART_DEVICE
face2aadl_connectedClient_integration_model_IntegrationModel1_impl_2.aaxl2,SMART_DEVICE
face2aadl_connectedServer_integration_model_IntegrationModel1_impl_1.aaxl2,SMART_DEVICE
face2aadl_connectedServer_integration_model_IntegrationModel1_impl_2.aaxl2,SMART_DEVICE
face2aadl_descriptionOnIntegrationModel_integration_model_im_impl_1.aaxl2,SMART_DEVICE
face2aadl_descriptionOnIntegrationModel_integration_model_im_impl_2.aaxl2,SMART_DEVICE
face2aadl_duplicateNodeNames_integration_model_im_impl_1.aaxl2,SMART_DEVICE
face2aadl_duplicateNodeNames_integration_model_im_impl_2.aaxl2,SMART_DEVICE
face2aadl_emptyIntegrationModel_integration_model_IntegrationModel1_impl_1.aaxl2,SMART_DEVICE
face2aadl_emptyIntegrationModel_integration_model_IntegrationModel1_impl_2.aaxl2,SMART_DEVICE
face2aadl_filtering_integration_model_SelectedIntegrationModel_impl_1.aaxl2,SMART_DEVICE
face2aadl_filtering_integration_model_SelectedIntegrationModel_impl_2.aaxl2,SMART_DEVICE
face2aadl_filteringNoFlows_integration_model_SelectedIntegrationModel_impl_1.aaxl2,SMART_DEVICE
face2aadl_filteringNoFlows_integration_model_SelectedIntegrationModel_impl_2.aaxl2,SMART_DEVICE
face2aadl_filteringPlatformOnly_integration_model_SelectedIntegrationModel_impl_1.aaxl2,SMART_DEVICE
face2aadl_filteringPlatformOnly_integration_model_SelectedIntegrationModel_impl_2.aaxl2,SMART_DEVICE
face2aadl_mergedThreeInSeries_integration_model_Merged_Integration_Models_1_impl_1.aaxl2,SMART_DEVICE
face2aadl_mergedThreeInSeries_integration_model_Merged_Integration_Models_1_impl_2.aaxl2,SMART_DEVICE
face2aadl_mergedWithCycle_integration_model_Merged_Integration_Models_1_impl_1.aaxl2,SMART_DEVICE
face2aadl_mergedWithCycle_integration_model_Merged_Integration_Models_1_impl_2.aaxl2,SMART_DEVICE
face2aadl_mergedWithDescription_integration_model_Merged_Integration_Models_1_impl_1.aaxl2,SMART_DEVICE
face2aadl_mergedWithDescription_integration_model_Merged_Integration_Models_1_impl_2.aaxl2,SMART_DEVICE
face2aadl_mergedWithUUID_integration_model_Merged_Integration_Models_1_impl_1.aaxl2,SMART_DEVICE
face2aadl_mergedWithUUID_integration_model_Merged_Integration_Models_1_impl_2.aaxl2,SMART_DEVICE
face2aadl_mergingIntegrationModels_integration_model_Merged_Integration_Models_1_impl_1.aaxl2,SMART_DEVICE
face2aadl_mergingIntegrationModels_integration_model_Merged_Integration_Models_1_impl_2.aaxl2,SMART_DEVICE
face2aadl_mergingThreeIntegrationModels_integration_model_Merged_Integration_Models_1_impl_1.aaxl2,SMART_DEVICE
face2aadl_mergingThreeIntegrationModels_integration_model_Merged_Integration_Models_1_impl_2.aaxl2,SMART_DEVICE
face2aadl_multipleMergedUnits_integration_model_Merged_Integration_Models_1_impl_1.aaxl2,SMART_DEVICE
face2aadl_multipleMergedUnits_integration_model_Merged_Integration_Models_1_impl_2.aaxl2,SMART_DEVICE
face2aadl_multipleMergedUnits_integration_model_Merged_Integration_Models_2_impl_1.aaxl2,SMART_DEVICE
face2aadl_multipleMergedUnits_integration_model_Merged_Integration_Models_2_impl_2.aaxl2,SMART_DEVICE
face2aadl_multipleMergedUnits_integration_model_Merged_Integration_Models_3_impl_1.aaxl2,SMART_DEVICE
face2aadl_multipleMergedUnits_integration_model_Merged_Integration_Models_3_impl_2.aaxl2,SMART_DEVICE
face2aadl_noFlows_integration_model_im_impl_1.aaxl2,SMART_DEVICE
face2aadl_noFlows_integration_model_im_impl_2.aaxl2,SMART_DEVICE
face2aadl_TranslatorDemo_integration_model_im_impl_1.aaxl2,SMART_DEVICE
face2aadl_TranslatorDemo_integration_model_im_impl_2.aaxl2,SMART_DEVICE
face2aadl_uuid_integration_model_IntegrationModel1_impl_1.aaxl2,SMART_DEVICE
face2aadl_uuid_integration_model_IntegrationModel1_impl_2.aaxl2,SMART_DEVICE
face2aadl_uuidPlatformOnly_integration_model_IntegrationModel1_impl_1.aaxl2,SMART_DEVICE
face2aadl_uuidPlatformOnly_integration_model_IntegrationModel1_impl_2.aaxl2,SMART_DEVICE
face2aadl_viewSink_integration_model_IntegrationModel1_impl_1.aaxl2,SMART_DEVICE
face2aadl_viewSink_integration_model_IntegrationModel1_impl_2.aaxl2,SMART_DEVICE
face2aadl_viewSource_integration_model_IntegrationModel1_impl_1.aaxl2,SMART_DEVICE
face2aadl_viewSource_integration_model_IntegrationModel1_impl_2.aaxl2,SMART_DEVICE
FaultToleranceChecker_Simple_thermostat_th_impl_1.aaxl2,SMART_BUILDING
fitlife_fitbit_controllor_impl_1.aaxl2,SMART_DEVICE
fitlife_fitbit_wristband_with_devices_1.aaxl2,SMART_DEVICE
fitlife_phoneStation_controllor_impl_1.aaxl2,SMART_DEVICE
fitlife_phoneStation_phoneStation_with_devices_1.aaxl2,SMART_DEVICE
FORA-AADL_baggageUC_UC_i_1.aaxl2,SMART_DEVICE
FORA-AADL_baseline_CommunicationModule_i_1.aaxl2,SMART_DEVICE
FORA-AADL_baseline_ControlModule_i_1.aaxl2,SMART_DEVICE
FORA-AADL_baseline_OperationModule_i_1.aaxl2,SMART_DEVICE
FORA-AADL_components_Actuator_A1_1.aaxl2,SMART_DEVICE
FORA-AADL_components_Sensor_S1_1.aaxl2,SMART_DEVICE
FORA-AADL_fcpbase_Drive_i_1.aaxl2,SMART_DEVICE
formal-methods-workbench_ADS_Air_Data_System_Air_Data_System_Impl_1.aaxl2,AVIATION
formal-methods-workbench_FCC_FCC_Impl_2.aaxl2,AVIATION
formal-methods-workbench_FCI_Flight_Crew_Interface_Flight_Crew_Interface_Impl_1.aaxl2,AVIATION
formal-methods-workbench_FCS_FCS_Impl_1.aaxl2,AVIATION
formal-methods-workbench_GPCA_SW_GPCA_SW_Impl_1.aaxl2,AVIATION
formal-methods-workbench_IMA_CCM_Fast_CCM_Fast_Impl_2.aaxl2,AVIATION
formal-methods-workbench_IMA_IMA_Platform_IMA_Platform_Impl_1.aaxl2,AVIATION
formal-methods-workbench_LiftModel_Bad_Unused_Output_top_level_Impl_1.aaxl2,AVIATION
formal-methods-workbench_LiftModel_Missing_Output_Connection_top_level_Impl_1.aaxl2,AVIATION
formal-methods-workbench_Microwave_SEng5861_Display_Control_Impl_1.aaxl2,AVIATION
formal-methods-workbench_MissionSoftware_top_i_3.aaxl2,AVIATION
formal-methods-workbench_ODROID_XU_ODROID_XU_Impl_2.aaxl2,AVIATION
formal-methods-workbench_OSAS_OSAS_Sys_i_2.aaxl2,AVIATION
formal-methods-workbench_Pilot_Flying_Pilot_Flying_Pilot_Flying_Impl_2.aaxl2,AVIATION
formal-methods-workbench_PX4IOAR_PX4IOAR_Impl_1.aaxl2,AVIATION
formal-methods-workbench_Should_FailAgree_When_SubclassIncludesBaseGuarantee_Subclass_i_1.aaxl2,AVIATION
formal-methods-workbench_Should_FailToGenerateModel_When_SubclassRedefiningGuaranteeOnExistingFeature_Base_i_1.aaxl2,AVIATION
formal-methods-workbench_Should_FailToGenerateModel_When_SubsubclassRedefiningAssumeOnExistingFeature_Base_i_1.aaxl2,AVIATION
formal-methods-workbench_Should_PassAGREE_When_imp_extends_imp_with_assign_Subclass_i_1.aaxl2,AVIATION
formal-methods-workbench_Signals_Rise_Rise_Impl_2.aaxl2,AVIATION
formal-methods-workbench_Signals_Rise_Rise_Impl_3.aaxl2,AVIATION
formal-methods-workbench_System_Status_System_Status_Impl_1.aaxl2,AVIATION
formal-methods-workbench_test_rpc_native_test_echronos_1.aaxl2,TESTING
formal-methods-workbench_test1_test_vxworks_1.aaxl2,TESTING
formal-methods-workbench_test16_test_camkes_1.aaxl2,TESTING
formal-methods-workbench_test4_test_linux_2.aaxl2,TESTING
formal-methods-workbench_test5_test_camkes_1.aaxl2,TESTING
formal-methods-workbench_test6_test_echronos_1.aaxl2,TESTING
formal-methods-workbench_test9_test_camkes_1.aaxl2,TESTING
formal-methods-workbench_test9_test_vxworks_1.aaxl2,TESTING
formal-methods-workbench_Transmission_State_Machine_Impl_2.aaxl2,DRONES
formal-methods-workbench_UAS_Ground_Station_Impl_2.aaxl2,DRONES
formal-methods-workbench_UAV_UAV_Impl_2.aaxl2,DRONES
formal-methods-workbench_UAV_UAV_Impl_6.aaxl2,DRONES
formal-methods-workbench_vChan_demo_vChan_demo_impl_1.aaxl2,SECURITY
HomeAutomationAADL_HomeAutomation_HA_impl_1.aaxl2,SMART_BUILDING
HybridSynchAADL_Drone_Drone_impl_1.aaxl2,DRONES
HybridSynchAADL_DroneControl_DroneControl_impl_1.aaxl2,DRONES
HybridSynchAADL_DroneControl_DroneControl_impl_2.aaxl2,DRONES
HybridSynchAADL_Environment_Environment_impl_1.aaxl2,DRONES
HybridSynchAADL_Environment_Environment_impl_2.aaxl2,DRONES
HybridSynchAADL_FourDronesSystem_FourDronesSystem_impl_1.aaxl2,DRONES
HybridSynchAADL_RefDrone_RefDrone_formation_1.aaxl2,DRONES
IPLProjects_Hello_World_rma_impl_1.aaxl2,AUTOMOTIVE
IPLProjects_map0_Map_i_1.aaxl2,AUTOMOTIVE
IPLProjects_map1_Map_i_1.aaxl2,AUTOMOTIVE
IPLProjects_map1_Map_i_2.aaxl2,AUTOMOTIVE
IPLProjects_map2_Map_i_1.aaxl2,AUTOMOTIVE
IPLProjects_map3a_Map_i_1.aaxl2,AUTOMOTIVE
IPLProjects_map3b_Map_i_1.aaxl2,AUTOMOTIVE
IPLProjects_pkg_multiproc_impl_1.aaxl2,AUTOMOTIVE
IPLProjects_pkg_thing_impl_1.aaxl2,AUTOMOTIVE
IPLProjects_pkg_thing_impl2_1.aaxl2,AUTOMOTIVE
IPLProjects_tasks_library_example_Library_i_1.aaxl2,AUTOMOTIVE
IPLProjects_tasks_library_simple_TaskLibrary_fullspeed_1.aaxl2,AUTOMOTIVE
IPLProjects_tasks_view_map0_simple_char_TaskLibrary_fullspeed_1.aaxl2,AUTOMOTIVE
IPLProjects_tasks_view_map0_simple_TaskLibrary_fullspeed_1.aaxl2,AUTOMOTIVE
IPLProjects_tasks_view_map0_wempty_char_TaskLibrary_fullspeed_1.aaxl2,AUTOMOTIVE
IPLProjects_tasks_view_map0_wempty_rot_char_TaskLibrary_fullspeed_1.aaxl2,AUTOMOTIVE
IPLProjects_tasks_view_map0_wempty_rot_TaskLibrary_fullspeed_1.aaxl2,AUTOMOTIVE
IPLProjects_tasks_view_map0_wempty_TaskLibrary_fullspeed_1.aaxl2,AUTOMOTIVE
IPLProjects_tasks_view_map1_simple_TaskLibrary_fullspeed_1.aaxl2,AUTOMOTIVE
IPLProjects_tasks_view_map1_wempty_char_TaskLibrary_fullspeed_1.aaxl2,AUTOMOTIVE
IPLProjects_tasks_view_map1_wempty_rot_char_TaskLibrary_fullspeed_1.aaxl2,AUTOMOTIVE
IPLProjects_tasks_view_map1_wempty_rot_TaskLibrary_fullspeed_1.aaxl2,AUTOMOTIVE
IPLProjects_tasks_view_map1_wempty_TaskLibrary_fullspeed_1.aaxl2,AUTOMOTIVE
IPLProjects_tasks_view_map2_simple_TaskLibrary_fullspeed_1.aaxl2,AUTOMOTIVE
IPLProjects_tasks_view_map2_wempty_char_TaskLibrary_fullspeed_1.aaxl2,AUTOMOTIVE
IPLProjects_tasks_view_map2_wempty_rot_char_TaskLibrary_fullspeed_1.aaxl2,AUTOMOTIVE
IPLProjects_tasks_view_map2_wempty_rot_TaskLibrary_fullspeed_1.aaxl2,AUTOMOTIVE
IPLProjects_tasks_view_map2_wempty_TaskLibrary_fullspeed_1.aaxl2,AUTOMOTIVE
IPLProjects_tasks_view_map3a_simple_TaskLibrary_fullspeed_1.aaxl2,AUTOMOTIVE
IPLProjects_tasks_view_map3a_wempty_rot_TaskLibrary_fullspeed_1.aaxl2,AUTOMOTIVE
IPLProjects_tasks_view_map3a_wempty_TaskLibrary_fullspeed_1.aaxl2,AUTOMOTIVE
IPLProjects_tasks_view_map3b_simple_TaskLibrary_fullspeed_1.aaxl2,AUTOMOTIVE
IPLProjects_tasks_view_map3b_wempty_char_TaskLibrary_fullspeed_1.aaxl2,AUTOMOTIVE
IPLProjects_tasks_view_map3b_wempty_rot_char_TaskLibrary_fullspeed_1.aaxl2,AUTOMOTIVE
IPLProjects_tasks_view_map3b_wempty_rot_TaskLibrary_fullspeed_1.aaxl2,AUTOMOTIVE
IPLProjects_tasks_view_map3b_wempty_TaskLibrary_fullspeed_1.aaxl2,AUTOMOTIVE
Isolette_isolette_heat_source_Heat_Source_impl_1.aaxl2,SMART_BUILDING
Isolette_isolette_heat_source_Heat_Source_with_devices_1.aaxl2,SMART_BUILDING
Isolette_isolette_operator_interface_Operator_Interface_impl_1.aaxl2,SMART_BUILDING
Isolette_isolette_Temperature_Sensor_impl_1.aaxl2,SMART_BUILDING
Isolette_isolette_temperature_sensor_Temperature_Sensor_impl_1.aaxl2,SMART_BUILDING
ITU_Example_AADL_ITU_Software_ITU_System_impl_1.aaxl2,SMART_DEVICE
JobFound_JobFound_jobFoundServer_Impl_1.aaxl2,SMART_DEVICE
kAADL_cruise_control_Cruisecontrollaws_Model_1.aaxl2,AUTOMOTIVE
kAADL_cruise_control_Hci_Model_1.aaxl2,AUTOMOTIVE
kAADL_Deployment_S_I_1.aaxl2,AUTOMOTIVE
kAADL_Deployment_smp_s1_1.aaxl2,AUTOMOTIVE
kAADL_Example_simple_impl_1.aaxl2,AUTOMOTIVE
kAADL_Example2_simple_impl_1.aaxl2,AUTOMOTIVE
kAADL_GPS_Interface_Satellite_others_1.aaxl2,DRONES
kAADL_Hardware_Dual_Processor_PowerPC_1.aaxl2,SMART_DEVICE
kAADL_RemoteCallExample_simple_impl_1.aaxl2,AUTOMOTIVE
Master_Thesis_HybridSynchAADL_DroneControl_DroneControl_rendezvous_1.aaxl2,DRONES
Master_Thesis_HybridSynchAADL_DroneControl_DroneControl_rendezvous_2.aaxl2,DRONES
Master_Thesis_HybridSynchAADL_DroneControl_DroneControl_rendezvous_3.aaxl2,DRONES
Master_Thesis_HybridSynchAADL_Drones2_Drones2_rendezvous_1.aaxl2,DRONES
Master_Thesis_HybridSynchAADL_Drones3_Drones3_rendezvous_1.aaxl2,DRONES
Master_Thesis_HybridSynchAADL_Drones4_Drones4_rendezvous_1.aaxl2,DRONES
Master_Thesis_HybridSynchAADL_DroneSystem_DroneSystem_rendezvous_1.aaxl2,DRONES
Master_Thesis_HybridSynchAADL_DroneSystem_DroneSystem_rendezvous_2.aaxl2,DRONES
Master_Thesis_HybridSynchAADL_DroneSystem_DroneSystem_rendezvous_3.aaxl2,DRONES
Master_Thesis_HybridSynchAADL_Environment_Environment_rendezvous_1.aaxl2,DRONES
Master_Thesis_HybridSynchAADL_Environment_Environment_rendezvous_2.aaxl2,DRONES
Master_Thesis_HybridSynchAADL_Environment_Environment_rendezvous_3.aaxl2,DRONES
MCS-Examples_ojr_steppermotor_cs_root_impl_1.aaxl2,SMART_DEVICE
MeceLearningSystem_mece_learning_app_package_mece_learning_app_Impl_1.aaxl2,SMART_DEVICE
MeceLearningSystem_mece_learning_system_package_AccountDB_Impl_1.aaxl2,SMART_DEVICE
MeceLearningSystem_mece_learning_system_package_ContentDB_Impl_1.aaxl2,SMART_DEVICE
MeceLearningSystem_mece_learning_system_package_MeceLearningSystem_Impl_1.aaxl2,SMART_DEVICE
MeceLearningSystem_mece_learning_system_package_ServerSide_Impl_1.aaxl2,SMART_DEVICE
MitesAADL_MITESIO_mites_imp_1.aaxl2,SMART_BUILDING
ModelagemAADL_Exemplo_bus_top_i_1.aaxl2,SMART_DEVICE
ModelagemAADL_Exemplo_bus_top_i_2.aaxl2,SMART_DEVICE
ModelagemAADL_Exemplo_bus_top_i_3.aaxl2,SMART_DEVICE
ModelagemAADL_Exemplo_DCS_i_1.aaxl2,SMART_DEVICE
ModelagemAADL_Exemplo_DCS_i_2.aaxl2,SMART_DEVICE
ModelagemAADL_Exemplo_DCS_i_3.aaxl2,SMART_DEVICE
ModelagemAADL_Exemplo_SCS_i_1.aaxl2,SMART_DEVICE
ModelagemAADL_Exemplo_SCS_i_2.aaxl2,SMART_DEVICE
ModelagemAADL_Exemplo_SCS_i_3.aaxl2,SMART_DEVICE
ModelagemAADL_Exemplo_Sistema_i_1.aaxl2,SMART_DEVICE
ModelagemAADL_Exemplo_Sistema_i_2.aaxl2,SMART_DEVICE
ModelagemAADL_Exemplo_Sistema_i_3.aaxl2,SMART_DEVICE
ModelagemAADL_resourcebudgets_DCA_tier1_1.aaxl2,SMART_DEVICE
ModelagemAADL_resourcebudgets_DCA_tier1_2.aaxl2,SMART_DEVICE
ModelagemAADL_resourcebudgets_DCA_tier1_3.aaxl2,SMART_DEVICE
ModelagemAADL_resourcebudgets_DCA_tier2_1.aaxl2,SMART_DEVICE
ModelagemAADL_resourcebudgets_DCA_tier2_2.aaxl2,SMART_DEVICE
ModelagemAADL_resourcebudgets_DCA_tier2_3.aaxl2,SMART_DEVICE
ModelagemAADL_resourcebudgets_DCS_dualtier2_1.aaxl2,SMART_DEVICE
ModelagemAADL_resourcebudgets_DCS_dualtier2_2.aaxl2,SMART_DEVICE
ModelagemAADL_resourcebudgets_DCS_dualtier2_3.aaxl2,SMART_DEVICE
ModelagemAADL_resourcebudgets_DCS_singletier0_1.aaxl2,SMART_DEVICE
ModelagemAADL_resourcebudgets_DCS_singletier0_2.aaxl2,SMART_DEVICE
ModelagemAADL_resourcebudgets_DCS_singletier0_3.aaxl2,SMART_DEVICE
ModelagemAADL_resourcebudgets_DCS_singletier1_1.aaxl2,SMART_DEVICE
ModelagemAADL_resourcebudgets_DCS_singletier1_2.aaxl2,SMART_DEVICE
ModelagemAADL_resourcebudgets_DCS_singletier1_3.aaxl2,SMART_DEVICE
ModelagemAADL_resourcebudgets_DCS_singletier2_1.aaxl2,SMART_DEVICE
ModelagemAADL_resourcebudgets_DCS_singletier2_2.aaxl2,SMART_DEVICE
ModelagemAADL_resourcebudgets_DCS_singletier2_3.aaxl2,SMART_DEVICE
ModelagemAADL_resourcebudgets_MySystem_Tier0_1.aaxl2,SMART_DEVICE
ModelagemAADL_resourcebudgets_MySystem_Tier0_2.aaxl2,SMART_DEVICE
ModelagemAADL_resourcebudgets_MySystem_Tier0_3.aaxl2,SMART_DEVICE
ModelagemAADL_resourcebudgets_MySystem_Tier2_1.aaxl2,SMART_DEVICE
ModelagemAADL_resourcebudgets_MySystem_Tier2_2.aaxl2,SMART_DEVICE
ModelagemAADL_resourcebudgets_MySystem_Tier2_3.aaxl2,SMART_DEVICE
ModelagemAADL_resourcebudgets_platform_dual_1.aaxl2,SMART_DEVICE
ModelagemAADL_resourcebudgets_platform_dual_2.aaxl2,SMART_DEVICE
ModelagemAADL_resourcebudgets_platform_dual_3.aaxl2,SMART_DEVICE
ModelagemAADL_resourcebudgets_platform_single_1.aaxl2,SMART_DEVICE
ModelagemAADL_resourcebudgets_platform_single_2.aaxl2,SMART_DEVICE
ModelagemAADL_resourcebudgets_platform_single_3.aaxl2,SMART_DEVICE
ModelagemAADL_resourcebudgets_SCS_dualtier2_1.aaxl2,SMART_DEVICE
ModelagemAADL_resourcebudgets_SCS_dualtier2_2.aaxl2,SMART_DEVICE
ModelagemAADL_resourcebudgets_SCS_dualtier2_3.aaxl2,SMART_DEVICE
ModelagemAADL_resourcebudgets_SCS_tier0_1.aaxl2,SMART_DEVICE
ModelagemAADL_resourcebudgets_SCS_tier0_2.aaxl2,SMART_DEVICE
ModelagemAADL_resourcebudgets_SCS_tier0_3.aaxl2,SMART_DEVICE
ModelagemAADL_resourcebudgets_SCS_tier1_1.aaxl2,SMART_DEVICE
ModelagemAADL_resourcebudgets_SCS_tier1_2.aaxl2,SMART_DEVICE
ModelagemAADL_resourcebudgets_SCS_tier1_3.aaxl2,SMART_DEVICE
ModelagemAADL_resourcebudgets_SCS_tier2_1.aaxl2,SMART_DEVICE
ModelagemAADL_resourcebudgets_SCS_tier2_2.aaxl2,SMART_DEVICE
ModelagemAADL_resourcebudgets_SCS_tier2_3.aaxl2,SMART_DEVICE
ocarina_A_S_first_1.aaxl2,TESTING
ocarina_client_server_Pkg_client_server_others_1.aaxl2,TESTING
ocarina_FlightControlSystem_fcs_impl_1.aaxl2,AVIATION
ocarina_foo_s_impl_1.aaxl2,TESTING
ocarina_GPS_Interface_Satellite_others_1.aaxl2,DRONES
ocarina_Hardware_Dual_Processor_PowerPC_1.aaxl2,TESTING
ocarina_model_main_i_1.aaxl2,TESTING
ocarina_p1_r1_i_1.aaxl2,TESTING
ocarina_p1_r2_i_1.aaxl2,TESTING
ocarina_pingpong_s_i_1.aaxl2,TESTING
ocarina_pingpong_t_i_1.aaxl2,TESTING
ocarina_Producer_Consumer_PC_Simple_Native_1.aaxl2,TESTING
ocarina_PropValue_Test_Imp_1.aaxl2,TESTING
ocarina_radar_radar_simple_1.aaxl2,AUTOMOTIVE
ocarina_RMAAadl_rma_ERC32_1.aaxl2,TESTING
ocarina_RMAAadl_rma_ERC32_2.aaxl2,TESTING
ocarina_RMAAadl_rma_ERC32_3.aaxl2,TESTING
ocarina_RMAAadl_rma_ERC32_4.aaxl2,TESTING
ocarina_RMAAadl_rma_ERC32_5.aaxl2,TESTING
ocarina_RMAAadl_rma_ERC32_6.aaxl2,TESTING
ocarina_RMAAadl_rma_impl_1.aaxl2,TESTING
ocarina_S_S_impl_1.aaxl2,TESTING
ocarina_Scenario_producer_consumer_Impl_1.aaxl2,TESTING
ocarina_Shared_shared_impl_1.aaxl2,TESTING
ocarina_t_s_i_1.aaxl2,TESTING
ocarina_t_s2_i_1.aaxl2,TESTING
ocarina_t11_system_e_t11_i_1.aaxl2,TESTING
ocarina_t11_system_t11_i_1.aaxl2,TESTING
ocarina_t12_system_e_t12_i_1.aaxl2,TESTING
ocarina_t12_system_t12_i_1.aaxl2,TESTING
ocarina_t13_system_t13_i_1.aaxl2,TESTING
ocarina_t15_integrated_t15_i_1.aaxl2,TESTING
ocarina_t15_system_15_i_1.aaxl2,TESTING
ocarina_t16_system_t16_i_1.aaxl2,TESTING
ocarina_t16_system_t16_one_i_1.aaxl2,TESTING
ocarina_t16_system_t16_three_i_1.aaxl2,TESTING
ocarina_t16_system_t16_two_i_1.aaxl2,TESTING
ocarina_t9_system_t9_i_1.aaxl2,TESTING
ocarina_Test_01_rma_ERC32_1.aaxl2,TESTING
ocarina_Test_01_rma_ERC32_2.aaxl2,TESTING
ocarina_Test_Aadl_Xml_Connections_main_impl_1.aaxl2,TESTING
ocarina_Test_Aadl_Xml_Output_main_impl_1.aaxl2,TESTING
ocarina_Test_carext_impl_1.aaxl2,TESTING
ocarina_Test_carRT_impl_1.aaxl2,AUTOMOTIVE
ocarina_Test_Cheddar_deployment_impl_1.aaxl2,TESTING
ocarina_test_container_impl_1.aaxl2,TESTING
ocarina_Test_mysystem_impl_1.aaxl2,TESTING
ocarina_test_node_impl_1.aaxl2,TESTING
ocarina_test_node_impl_2.aaxl2,TESTING
ocarina_test_order_deployment_impl_1.aaxl2,TESTING
ocarina_test_s_i2_1.aaxl2,TESTING
ocarina_Test_s_impl_1.aaxl2,TESTING
ocarina_Test_s2_i_1.aaxl2,TESTING
ocarina_test_spg_test_impl_1.aaxl2,TESTING
ocarina_Test1_REAL_rma_ERC32_1.aaxl2,TESTING
ocarina_Test3_REAL_rma_ERC32_1.aaxl2,TESTING
ocarina_Test4_REAL_rma_ERC32_1.aaxl2,TESTING
ocarina_Test5_REAL_rma_ERC32_1.aaxl2,TESTING
ocarina_Test5_REAL_rma_ERC32_2.aaxl2,TESTING
ocarina_TestComputeEntryPoint_S_I_1.aaxl2,TESTING
ocarina_testfeaturegroup_top_i_1.aaxl2,TESTING
ocarina_validation_mysystem_local_1.aaxl2,TESTING
ocarina_vehicle_root_impl_1.aaxl2,AUTOMOTIVE
ocarina_vehicle_vehicle_standard_1.aaxl2,AUTOMOTIVE
oqarina_Car_Car_impl_1.aaxl2,AUTOMOTIVE
oqarina_RMAAadl_rma_impl_1.aaxl2,TESTING
OSATE-FTA-Tests_Fault_tree_0_main_complete_1.aaxl2,SECURITY
OSATE-FTA-Tests_Fault_tree_1_main_complete_1.aaxl2,SECURITY
OSATE-FTA-Tests_Fault_tree_2_main_complete_1.aaxl2,TESTING
OSATE-FTA-Tests_Fault_tree_3_main_complete_1.aaxl2,TESTING
osate2_access_path_on_every_level_s_i_1.aaxl2,SECURITY
osate2_access_path_one_way_s_i_1.aaxl2,SECURITY
osate2_all_connection_binding_source_types_s_i_1.aaxl2,SECURITY
osate2_Aperiodic_s_impl_1.aaxl2,TESTING
osate2_BadAccessConnections_Sys1_impl_1.aaxl2,TESTING
osate2_BasicPointProp_s_impl_1.aaxl2,TESTING
osate2_BusAccessExample_ABC_error_1.aaxl2,TESTING
osate2_connect_to_subcomponent_s2_i1_2.aaxl2,TESTING
osate2_containment_test_s_i_1.aaxl2,TESTING
osate2_ControlSystem_DCS_impl_1.aaxl2,AUTOMOTIVE
osate2_data_to_memory_s_i_1.aaxl2,SECURITY
osate2_DeclarativeTests_Peer_to_peer_bidir2_1.aaxl2,TESTING
osate2_DeclarativeTests_Sub_to_provides_sub_bidir_1.aaxl2,TESTING
osate2_DigitalControlSystem_DCS_singletier2_1.aaxl2,AUTOMOTIVE
osate2_down_path_three_level_test_s_i_1.aaxl2,SECURITY
osate2_empty_feature_group_test_s_i_1.aaxl2,SECURITY
osate2_feature_in_feature_group_test_s_i_1.aaxl2,SECURITY
osate2_feature_reference_test_s_i_1.aaxl2,SECURITY
osate2_features10_C_i_1.aaxl2,TESTING
osate2_features3_A_i_1.aaxl2,TESTING
osate2_features3_B_i_1.aaxl2,TESTING
osate2_features8_B_i_1.aaxl2,TESTING
osate2_fg13_D2_i_1.aaxl2,TESTING
osate2_fg15_C_i_1.aaxl2,TESTING
osate2_fg2_C_i_1.aaxl2,TESTING
osate2_fg3_D2_i_1.aaxl2,TESTING
osate2_fg5_A_i_1.aaxl2,TESTING
osate2_Flow_Demo_System_sub_impl_1.aaxl2,TESTING
osate2_GPSSystem_GPS_BasicState_1.aaxl2,AVIATION
osate2_impl_bscu_bscu_basic_1.aaxl2,AVIATION
osate2_impl_wbs_wbs_generic_1.aaxl2,AVIATION
osate2_inherit_unnamed_composite_s_i_1.aaxl2,SECURITY
osate2_inherited_memory_binding_s_i_1.aaxl2,SECURITY
osate2_isoletteDataModel_isoletteSystem_impl_1.aaxl2,SMART_BUILDING
osate2_issue1841_s_i1_1.aaxl2,TESTING
osate2_Issue2209_S_i_1.aaxl2,TESTING
osate2_JustBus_system_Root_impl_1.aaxl2,TESTING
osate2_JustData_process_fg_p1_impl_1.aaxl2,TESTING
osate2_JustData_system_fg_p1_impl_1.aaxl2,TESTING
osate2_JustSubprogramGroup_system_fg_Root_impl_1.aaxl2,TESTING
osate2_JustSubprogramGroup_thread_Root_impl_1.aaxl2,TESTING
osate2_JustSubrogram_system_fg_p1_impl_1.aaxl2,TESTING
osate2_lookup_on_sink_from_container_with_extension_outer_i2_1.aaxl2,SECURITY
osate2_lookup_on_type_from_container_with_extension_outer_i2_1.aaxl2,SECURITY
osate2_modeling_file_BTCU_i_1.aaxl2,SECURITY
osate2_OR1OFProbability_S01_i_1.aaxl2,SECURITY
osate2_partition_duration_s1_i1_2.aaxl2,AVIATION
osate2_partition10_s1_i1_1.aaxl2,AVIATION
osate2_partition13_s1_i1_1.aaxl2,AVIATION
osate2_partition8_s1_i1_1.aaxl2,AVIATION
osate2_platform_platform_ima_1.aaxl2,AVIATION
osate2_ports_bad_endpoints_top_i_1.aaxl2,TESTING
osate2_ports_top_i_1.aaxl2,TESTING
osate2_recover_events_in_component_error_behavior_s_i_1.aaxl2,SECURITY
osate2_redundant2_main2_compositesametype_1.aaxl2,AVIATION
osate2_redundant2_main2_connection_1.aaxl2,AVIATION
osate2_required_vb1_s1_i1_1.aaxl2,AVIATION
osate2_resourcebudgets_DCS_singletier2_1.aaxl2,SMART_DEVICE
osate2_sc1_src2_i_2.aaxl2,TESTING
osate2_SharedData_to_Data_Nested_in_Data_Root_bidirectional_1.aaxl2,TESTING
osate2_SharedData_to_Data_Peers_Root_generic_1.aaxl2,TESTING
osate2_SharedData_to_Subprogram_Nested_in_Data_Root_generic_1.aaxl2,TESTING
osate2_SharedSubprogram_to_Data_Nested_in_Thread_Root_fromSharedComponent_1.aaxl2,TESTING
osate2_SharedSubprogram_to_Subprogram_Nested_in_Thread_Root_fromSharedComponent_1.aaxl2,TESTING
osate2_SharedSubprogram_to_Subprogram_Peers_Root_fromSharedComponent_1.aaxl2,TESTING
osate2_ShortAccessConnections_Root_impl_1.aaxl2,TESTING
osate2_Software_DCA_tier2_1.aaxl2,TESTING
osate2_subcomponents3_C_i_1.aaxl2,TESTING
osate2_subcomponents6_B_i_1.aaxl2,TESTING
osate2_TestAbstractClassifier_Top_notype_to_notype_1.aaxl2,TESTING
osate2_TestAbstractClassifier_Top_type_to_type_1.aaxl2,TESTING
osate2_TestAbstractDirection_Top_in_to_in_1.aaxl2,TESTING
osate2_TestAbstractToDataAccessClassifier_Top_provides_nt_to_requires_nt_1.aaxl2,TESTING
osate2_TestAbstractToDataAccessClassifier_Top_requires_t_to_requires_nt_1.aaxl2,TESTING
osate2_TestBiggerBroadcast_top_i_1.aaxl2,TESTING
osate2_TestBiggerBroadcast_warnings_top_i_1.aaxl2,TESTING
osate2_TestBusProperties_top_budgetGreaterThanCapacity_1.aaxl2,TESTING
osate2_TestBusProperties_top_noCapacity_1.aaxl2,TESTING
osate2_TestCalculations_top_requiredBudgetGreaterThanBudget_1.aaxl2,TESTING
osate2_TestCalculations_top_requiredBudgetLessThanBudget_1.aaxl2,TESTING
osate2_TestDataPortClassifierTypeExtension1_Top_d_to_di_1.aaxl2,TESTING
osate2_TestDataPortClassifierTypeExtension1_Top_notype_to_notype_1.aaxl2,TESTING
osate2_TestNestedAbstractDirection_InToComponent_SrcSysIn_in_to_in_1.aaxl2,TESTING
osate2_TestNestedAbstractDirection_InToComponent_Top_blank_to_blank_to_out_1.aaxl2,TESTING
osate2_TestNestedAbstractDirection_OutOfComponent_SrcSys_out_to_blank_1.aaxl2,TESTING
osate2_TestNestedAbstractDirection_OutOfComponent_Top_blank_to_out_to_out_1.aaxl2,TESTING
osate2_TestNestedAbstractDirection_OutOfComponent_Top_out_to_in_to_out_1.aaxl2,TESTING
osate2_UniDirPeerToPeer_same_toplevel_i_1.aaxl2,TESTING
ParkingProject_parking_system_parking_simple_1.aaxl2,AUTOMOTIVE
polyorb-hi-ada_d3extended_probe_native_1.aaxl2,AVIATION
polyorb-hi-ada_DCLocal_Delayed_Connections_Native_1.aaxl2,AVIATION
polyorb-hi-ada_Flowlatencysampleddata_application_allperiodicsampled_1.aaxl2,AVIATION
polyorb-hi-ada_HW_Leon_Case_Study_LEON_1.aaxl2,AVIATION
polyorb-hi-ada_HW_Leon_Local_Case_Study_LEON_Local_1.aaxl2,AVIATION
polyorb-hi-ada_HW_Native_Case_Study_Native_1.aaxl2,AVIATION
polyorb-hi-ada_radar_system_radar_simple_1.aaxl2,AVIATION
polyorb-hi-ada_RMAAadl_rma_ERC32_1.aaxl2,AVIATION
polyorb-hi-ada_Sunseeker_Dist_Sunseekercontrolsystem_Type_Native_1.aaxl2,AVIATION
polyorb-hi-ada_Sunseeker_Local_Sunseekercontrolsystem_Type_LEON_1.aaxl2,AVIATION
polyorb-hi-ada_Sunseeker_Local_Sunseekercontrolsystem_Type_LEON_GNAT_1.aaxl2,AVIATION
polyorb-hi-ada_System_Demo_The_Demo_impl_1.aaxl2,AVIATION
polyorb-hi-c_CPP_Test_cpp_test_impl_1.aaxl2,AVIATION
polyorb-hi-c_CPP_Test_cpp_test_RTEMS_1.aaxl2,AVIATION
polyorb-hi-c_CPP_Test_cpp_test_Xenomai_1.aaxl2,AVIATION
polyorb-hi-c_PING_PING_Impl_1.aaxl2,AVIATION
polyorb-hi-c_PING_PING_RTEMS_1.aaxl2,AVIATION
polyorb-hi-c_PING_PING_Xenomai_1.aaxl2,AVIATION
polyorb-hi-c_PTEST_ptest_impl_1.aaxl2,AVIATION
polyorb-hi-c_PTEST_ptest_rtems_impl_1.aaxl2,AVIATION
polyorb-hi-c_RMAAadl_rma_compcert_1.aaxl2,AVIATION
polyorb-hi-c_RMAAadl_rma_impl_1.aaxl2,AVIATION
polyorb-hi-c_RMAAadl_rma_impl_2.aaxl2,AVIATION
polyorb-hi-c_RMAAadl_rma_impl_3.aaxl2,AVIATION
polyorb-hi-c_RMAAadl_rma_impl_4.aaxl2,AVIATION
polyorb-hi-c_RMAAadl_rma_impl_5.aaxl2,AVIATION
polyorb-hi-c_RMAAadl_rma_RTEMS_1.aaxl2,AVIATION
polyorb-hi-c_RMAAadl_rma_Xenomai_1.aaxl2,AVIATION
polyorb-hi-c_Scenario_cpp_Impl_1.aaxl2,AVIATION
polyorb-hi-c_Scenario_cpptest_Impl_1.aaxl2,AVIATION
polyorb-hi-c_scenario_d3_1_3_1_Impl_1.aaxl2,AVIATION
polyorb-hi-c_scenario_d3_1_3_1_Impl_2.aaxl2,AVIATION
polyorb-hi-c_scenario_d3_1_3_1_Impl_3.aaxl2,AVIATION
polyorb-hi-c_scenario_d3_1_3_1_Impl_4.aaxl2,AVIATION
polyorb-hi-c_Scenario_Flight_Management_Impl_1.aaxl2,AVIATION
polyorb-hi-c_Scenario_Flight_Management_Impl_2.aaxl2,AVIATION
polyorb-hi-c_Scenario_Flight_Management_Impl_3.aaxl2,AVIATION
polyorb-hi-c_Scenario_Flight_Management_Impl_4.aaxl2,AVIATION
polyorb-hi-c_Scenario_import_Impl_1.aaxl2,AVIATION
polyorb-hi-c_Scenario_monitor_Impl_1.aaxl2,AVIATION
polyorb-hi-c_scenario_ping_impl_1.aaxl2,AVIATION
polyorb-hi-c_Scenario_ping_impl_10.aaxl2,AVIATION
polyorb-hi-c_Scenario_ping_impl_11.aaxl2,AVIATION
polyorb-hi-c_Scenario_ping_impl_12.aaxl2,AVIATION
polyorb-hi-c_Scenario_ping_impl_13.aaxl2,AVIATION
polyorb-hi-c_scenario_ping_impl_2.aaxl2,AVIATION
polyorb-hi-c_Scenario_ping_impl_3.aaxl2,AVIATION
polyorb-hi-c_Scenario_ping_impl_4.aaxl2,AVIATION
polyorb-hi-c_Scenario_ping_impl_5.aaxl2,AVIATION
polyorb-hi-c_Scenario_ping_impl_6.aaxl2,AVIATION
polyorb-hi-c_Scenario_ping_impl_7.aaxl2,AVIATION
polyorb-hi-c_Scenario_ping_impl_8.aaxl2,AVIATION
polyorb-hi-c_Scenario_ping_impl_9.aaxl2,AVIATION
polyorb-hi-c_Scenario_producer_consumer_Impl_1.aaxl2,AVIATION
polyorb-hi-c_Scenario_producer_consumer_Impl_2.aaxl2,AVIATION
polyorb-hi-c_Scenario_producer_consumer_Impl_3.aaxl2,AVIATION
polyorb-hi-c_Scenario_producer_consumer_Impl_4.aaxl2,AVIATION
polyorb-hi-c_Scenario_producer_consumer_Impl_5.aaxl2,AVIATION
polyorb-hi-c_Scenario_producer_consumer_Impl_6.aaxl2,AVIATION
polyorb-hi-c_Scenario_producer_consumer_Impl_7.aaxl2,AVIATION
polyorb-hi-c_Scenario_producer_consumer_Impl_8.aaxl2,AVIATION
polyorb-hi-c_Scenario_producer_consumer_Impl_9.aaxl2,AVIATION
polyorb-hi-c_scenario_ptest_Impl_1.aaxl2,AVIATION
polyorb-hi-c_scenario_ptest_rtems_Impl_1.aaxl2,AVIATION
polyorb-hi-c_scenario_rma_Impl_1.aaxl2,AVIATION
polyorb-hi-c_scenario_rma_Impl_2.aaxl2,AVIATION
polyorb-hi-c_scenario_rma_Impl_3.aaxl2,AVIATION
polyorb-hi-c_scenario_rma_Impl_4.aaxl2,AVIATION
polyorb-hi-c_scenario_rma_Impl_5.aaxl2,AVIATION
polyorb-hi-c_scenario_rma_Impl_6.aaxl2,AVIATION
polyorb-hi-c_scenario_rma_Impl_7.aaxl2,AVIATION
polyorb-hi-c_scenario_rma_Impl_8.aaxl2,AVIATION
polyorb-hi-c_Scenario_some_types_Impl_1.aaxl2,AVIATION
polyorb-hi-c_Scenario_some_types_Impl_2.aaxl2,AVIATION
polyorb-hi-c_Scenario_some_types_Impl_3.aaxl2,AVIATION
polyorb-hi-c_Scenario_some_types_Impl_4.aaxl2,AVIATION
polyorb-hi-c_Scenario_some_types_Impl_5.aaxl2,AVIATION
polyorb-hi-c_Scenario_some_types_Impl_6.aaxl2,AVIATION
polyorb-hi-c_Scenario_some_types_Impl_7.aaxl2,AVIATION
polyorb-hi-c_Scenario_sunseeker_Impl_1.aaxl2,AVIATION
polyorb-hi-c_Scenario_sunseeker_Impl_2.aaxl2,AVIATION
polyorb-hi-c_Scenario_sunseeker_Impl_3.aaxl2,AVIATION
polyorb-hi-c_Scenario_sunseeker_Impl_4.aaxl2,AVIATION
polyorb-hi-c_Scenario_sunseeker_Impl_5.aaxl2,AVIATION
polyorb-hi-c_scenario_topsystem_distributedallperiodicdelayed_1.aaxl2,AVIATION
polyorb-hi-c_scenario_topsystem_distributedallperiodicdelayed_2.aaxl2,AVIATION
polyorb-hi-c_scenario_topsystem_distributedallperiodicdelayed_3.aaxl2,AVIATION
polyorb-hi-c_Sunseeker_Dist_Sunseekercontrolsystem_Type_Dist_1.aaxl2,AVIATION
polyorb-hi-c_Sunseeker_Local_Sunseekercontrolsystem_Type_Local_1.aaxl2,AVIATION
polyorb-hi-c_test_lua_lua_impl_1.aaxl2,AVIATION
polyorb-hi-c_Torture_Torture_impl_1.aaxl2,AVIATION
S18_computer_computer_item_1.aaxl2,AVIATION
S18_engine_engine_item_1.aaxl2,AVIATION
S18_model_model_complete_1.aaxl2,AVIATION
S18_model_V2_model_V2_complete_1.aaxl2,AVIATION
S18_powerplants_powerplants_impl_1.aaxl2,AVIATION
S18_powerSupply_powerSupply_item_1.aaxl2,AVIATION
S18_switching_switching_item_1.aaxl2,AVIATION
S18_voter_voter_item_1.aaxl2,AVIATION
SE206_TP3_AADL_integration_main_sys_fla_1.aaxl2,AUTOMOTIVE
SE206_TP3_AADL_integration_main_sys_impl_1.aaxl2,AUTOMOTIVE
SE206_TP3_AADL_integration_main_sys_rta_1.aaxl2,AUTOMOTIVE
SE206_TP3_AADL_integration_proxy_main_sys_rta_1.aaxl2,AUTOMOTIVE
smaccm_camera_vm_wrapper_i_1.aaxl2,AVIATION
smaccm_ISAS_RC_Dual_Channel_Inputs_ISAS_RC_Dual_Channel_Inputs_impl_1.aaxl2,AVIATION
smaccm_Mission_Software_Software_Impl_1.aaxl2,AVIATION
smaccm_Package_C1_C1_Impl_1.aaxl2,AVIATION
smaccm_PingTwins_pingtwins_impl_1.aaxl2,AVIATION
smaccm_PX4IOAR_PX4IOAR_Impl_4.aaxl2,AVIATION
smaccm_test0_test0_impl_1.aaxl2,AVIATION
smaccm_test1_test1_impl_1.aaxl2,AVIATION
smaccm_test10_test_camkes_1.aaxl2,AVIATION
smaccm_test15_test_linux_1.aaxl2,AVIATION
smaccm_UAS_UAS_Impl_3.aaxl2,AVIATION
smart-home-arch_Clients_Clients_impl_1.aaxl2,SMART_BUILDING
smart-home-arch_MainControlRouter_MainControlRouter_impl_1.aaxl2,SMART_BUILDING
smart-home-arch_RemoteServer_RemoteServer_impl_1.aaxl2,SMART_BUILDING
smart-home-arch_smart_home_system_smart_home_impl_1.aaxl2,SMART_BUILDING
SmartHome_smart_home_arch_appliances_impl_1.aaxl2,SMART_BUILDING
SmartHome_smart_home_arch_Client_tier_impl_1.aaxl2,SMART_BUILDING
SmartHome_smart_home_arch_home_controller_framework_impl_1.aaxl2,SMART_BUILDING
SmartHome_smart_home_arch_plugin_impl_1.aaxl2,SMART_BUILDING
SmartHome_smart_home_arch_sensor_unit_impl_1.aaxl2,SMART_BUILDING
SmartHome_smart_home_arch_smarthome_impl_1.aaxl2,SMART_BUILDING
SmartThermostatSystem_thermostat_arch_Generator_impl_1.aaxl2,SMART_BUILDING
SmartThermostatSystem_thermostat_arch_Temp_sensor_impl_1.aaxl2,SMART_BUILDING
SmartThermostatSystem_thermostat_arch_Thermostat_Controller_impl_1.aaxl2,SMART_BUILDING
SmartThermostatSystem_thermostat_arch_thermostat_impl_1.aaxl2,SMART_BUILDING
StereoCamAADL_StreoCamAADL_vantSystem_with_devices_1.aaxl2,SMART_DEVICE
Tank-Pressurized_fuse_fuse_i_1.aaxl2,SMART_DEVICE
Tank-Pressurized_motor_pump_motor_pump_i_1.aaxl2,SMART_DEVICE
Tank-Pressurized_pressureSwitch_pressureSwitch_i_1.aaxl2,SMART_DEVICE
Tank-Pressurized_switch_switch_i_1.aaxl2,SMART_DEVICE
Tank-Pressurized_sys_tank_Rev_2_sys_tank_pressurized_complete_1.aaxl2,SMART_DEVICE
Tank-Pressurized_tank_tank_i_1.aaxl2,SMART_DEVICE
Tank-Pressurized_valve_valve_i_1.aaxl2,SMART_DEVICE
TCS-ABS-AADL-models_TractionControlSystem_TCS_impl_1.aaxl2,AUTOMOTIVE
TempControlAADL_Scenario_ControllerA_imp_1.aaxl2,SMART_BUILDING
TempControlAADL_Scenario_ControllerB_imp_1.aaxl2,SMART_BUILDING
TempControlAADL_Scenario_LabControl_imp_1.aaxl2,SMART_BUILDING
TicketMachine_AADLProject_ticketmachine_TicketMachineSystem_with_devices_1.aaxl2,SMART_DEVICE
tpAADL_lgs_Close_EV_System_impl_1.aaxl2,AUTOMOTIVE
tpAADL_lgs_CommutateurAnalogique_impl_1.aaxl2,AUTOMOTIVE
tpAADL_lgs_digital_part_impl_1.aaxl2,AUTOMOTIVE
tpAADL_lgs_ElectrovalvesSystem_impl_1.aaxl2,AUTOMOTIVE
tpAADL_lgs_Extend_EV_System_impl_1.aaxl2,AUTOMOTIVE
tpAADL_lgs_lgsSystem_impl_1.aaxl2,AUTOMOTIVE
tpAADL_lgs_Open_EV_System_impl_1.aaxl2,AUTOMOTIVE
tpAADL_lgs_Retract_EV_System_impl_1.aaxl2,AUTOMOTIVE
UAV_AADL_Project_lowLevelSubsystem_LowLevelProcessing_impl_1.aaxl2,DRONES
Using-a-Network-of-Drones-to-Inspect-Structural-Deformations_BaseStation_BaseStat_impl_1.aaxl2,DRONES
Using-a-Network-of-Drones-to-Inspect-Structural-Deformations_DM_Main_DisasterManagementMain_impl_1.aaxl2,DRONES
Using-a-Network-of-Drones-to-Inspect-Structural-Deformations_ES_Main_EventStreamingMain_impl_1.aaxl2,DRONES
Using-a-Network-of-Drones-to-Inspect-Structural-Deformations_UAV_ModelConstruction_UAV_ModelConstructionSystem_impl_1.aaxl2,DRONES
Using-a-Network-of-Drones-to-Inspect-Structural-Deformations_UAVNetwork_V1_UAVNetworkC_impl_1.aaxl2,DRONES
Using-a-Network-of-Drones-to-Inspect-Structural-Deformations_UAVNetwork_V2_UAVNetworkC_impl_1.aaxl2,DRONES
Using-a-Network-of-Drones-to-Inspect-Structural-Deformations_UAVNetwork_V3_UAVNetworkC_impl_1.aaxl2,DRONES
Using-a-Network-of-Drones-to-Inspect-Structural-Deformations_UAVNode_UAVNodeComponent_impl_1.aaxl2,DRONES
Using-a-Network-of-Drones-to-Inspect-Structural-Deformations_UAVNode_Vehicle_UAVVehicle_impl_1.aaxl2,DRONES
Vending-Machine-AADL_automat_AutomatSystem_with_devices_1.aaxl2,AUTOMOTIVE
VERDICT_GNC_GNC_Impl_1.aaxl2,DRONES
VERDICT_GS_GroundStation_Impl_1.aaxl2,DRONES
VERDICT_HawkeyeUAV_UAVSystem_Impl_2.aaxl2,DRONES
XDL-to-AADL-Open-Tool_b03_aadl_system_b03_Top_system_imp_1.aaxl2,AVIATION
XDL-to-AADL-Open-Tool_FPGA_Library_SLICEL_imp_1.aaxl2,AVIATION
XDL-to-AADL-Open-Tool_FPGA_Library_SLICEM_imp_1.aaxl2,AVIATION